,author_id,created_at,text,id
0,25820025,2021-04-27T15:52:00.000Z,@MercantilBanco Buenos d√≠as ¬øcuando abriran la agencia ubicada en la UCAB?,1387072043074588675
1,63485645,2021-04-27T15:45:05.000Z,"@MercantilBanco Mercantil no env√≠a mensajitos de texto cuando se hace efectivo un pago m√≥vil? ? Es raro,  pero nunca me ha llegado uno,  como por ejemplo avisa Bco Vzla.",1387070302665027586
2,158874117,2021-04-27T15:09:23.000Z,@MercantilBanco buenos d√≠as para atenci√≥n por liberaciones de hipoteca correos o n√∫meros telef√≥nicos,1387061320248401925
3,1369662806,2021-04-27T14:24:42.000Z,"@MercantilBanco Buenos dias porque no puedo hacer pagos m√≥viles por la aplicacion, a veces no me sale la cuenta, y otras llega hasta la clave telefonica y no sale.",1387050074329391106
4,106449299,2021-04-27T13:15:10.000Z,"@fjbastidas @MercantilBanco @MovistarVe Me ocurri√≥. Pagu√© por la P√°gina, Mi Movistar, con tarjeta debito mercantil. Me hicieron el d√©bito y no lo acreditaron a mi cuenta tv. Hice el reclamo y lo cerraron si resolver. 12 millones perdidos y ahora no puedo volver a pagar porque quitaron la opci√≥n depagar con  tanta dbto",1387032577551261700
5,57176102,2021-04-27T12:54:11.000Z,@MercantilBanco realic√© recarga de @AyudaMovistarVe @MovistarVe desde el domingo y a 3 d√≠as ni tengo el saldo en mi l√≠nea ni tengo el dinero en mi cuenta. Para cuando van a solucionar ???????????????,1387027295936909314
6,103671092,2021-04-27T12:48:33.000Z,@MercantilBanco buen d√≠a... necesito saber el n√∫mero de cuenta corriente completo y no tengo la chequera a mano,1387025876693491717
7,357015283,2021-04-27T11:24:47.000Z,"@MercantilBanco Buenos d√≠as, por qu√© cuando me hacen un TPago (Pago m√≥vil) no me llega mensaje de texto o correo electr√≥nico indic√°ndome la operaci√≥n?",1387004796994048001
8,3810611476,2021-04-27T09:48:11.000Z,@MercantilBanco Ok y que hago para poder octener mi tarjeta de d√©bito,1386980485348352001
9,170325456,2021-04-27T07:26:38.000Z,"@MercantilBanco Me parece excelente el haber incluido en Tpago, la modalidad de pago por mensaje de texto, y esta fabuloso el agregar el destinatario a trav√©s de un QR nos evita cometer el error al ser escrito por nosotros mismo. Felicitaciones",1386944863573250049
10,1157832394600341504,2021-04-27T06:21:18.000Z,@MercantilBanco Mi tarjeta de debito llave mercantil no sirve; ¬øPuedo ir a una oficina esta semana para que me otorguen una nueva?,1386928424640466948
11,1157832394600341504,2021-04-27T06:18:57.000Z,@MercantilBanco Necesito una llave mercantil nueva.¬øhay disponibles?,1386927831733653505
12,158063180,2021-04-27T00:46:56.000Z,@MercantilBanco buenas noches!!! He querido comunicarme con uds desde el jueves. A m√≠ hermana se le bloqueo la tarjeta en un punto de venta y no hemos podido resolver. A qu√© n√∫mero me debo comunicar con un operador??? gracias!!!,1386844275040821255
13,769617126,2021-04-26T23:36:22.000Z,"@MercantilBanco Lo que necesitamos todos los que tenemos cuenta en ese banco es que activen los cajeros en maracay, tiene tiempo que ning√∫n cajero funciona.",1386826518811271169
14,1589900095,2021-04-26T22:03:35.000Z,"@SmayAnnesmay @MercantilBanco La locura con esta pandemia t dicen q debes ir a una oficina con foto copia de c√©dula,carta d trabajo y otras cosas locas q no recuerdo simplemente  para cambiar un n√∫mero telef√≥nico poco  pr√°ctico este banco.",1386803169594851330
15,170357136,2021-04-26T21:16:19.000Z,@MercantilBanco Buenas tardes cuanto es el monto m√°ximo para retirar por taquillas y cajeros autom√°ticos?,1386791272568983552
16,128037530,2021-04-26T20:53:37.000Z,"@MercantilBanco hola, c√≥mo desbloqueo el acceso a la banca m√≥vil..",1386785561403351043
17,158809640,2021-04-26T20:53:25.000Z,@MercantilBanco Buenas tardes! La nueva modalidad para realizar tpago por mensajes de textos debe ser de Mercantil a Mercantil?,1386785510509662212
18,1959444462,2021-04-26T20:33:28.000Z,@MercantilBanco C√≥mo hacer transacci√≥n de Tpago por sms?,1386780487902023681
19,2298435044,2021-04-26T20:25:14.000Z,@MercantilBanco Hola no he podido cambiar el n√∫mero de tlf para disfrutar del servicio,1386778418696630273
20,73759152,2021-04-26T20:07:40.000Z,"@MercantilBanco buenas tardes, actualmente hay alg√∫n problema para ingresar en mercantil empresas? Estoy intentado y es imposible conectar",1386773995870162945
21,190265453,2021-04-26T20:04:06.000Z,@BcodeVenezuela Liberen las Divisas Dicom!! Queremos soluci√≥n @SudebanInforma @BCV_ORG_VE @BcodeVenezuela @la_patilla @ElNacionalWeb @lanacionweb @globovision @descifradocom @elestimulo @DolarToday @ANAUCO @elimpulsocom @TachiraNoticias @TachiraNews @MercantilBanco @mercadosyaccion,1386773099429998594
22,538168349,2021-04-26T19:41:31.000Z,@MercantilBanco Gracias...!!!,1386767414004748293
23,2998385038,2021-04-26T19:29:59.000Z,@fjbastidas @MercantilBanco @MovistarVe Esperas sentado la respuesta.,1386764514381778947
24,188510920,2021-04-26T18:53:09.000Z,buenas tardes quien me da repuesta de esto aun no tengo la recarga en el deco movistar y en mi cuenta bancaria se encuentra ambas debitadas @MercantilBanco @MovistarVe https://t.co/a1oT9LgJ06,1386755242679808003
25,538168349,2021-04-26T18:50:41.000Z,"@MercantilBanco bueno tardes saludos a todos por favor ind√≠came oficina Caracas operativas .
Gracias",1386754622057033729
26,2382245114,2021-04-26T17:51:25.000Z,@MercantilBanco Cuando vuelven abrir la oficina de Cabudare? o por lo menos que los cajeros del Centro Comercial Terepaima tengan dinero.,1386739707669884929
27,832161074686345216,2021-04-26T17:31:07.000Z,@MercantilBanco buenas tardes cu√°l es el monto m√≠nimo de divisas que se puede comprar en operaciones al menudeo?,1386734600723046404
28,1280192706929733632,2021-04-26T16:33:27.000Z,"#ViveLaNoticia | Nacionales |¬†El director del Saime, Gustavo Vizca√≠no, inform√≥ que en los pr√≥ximos d√≠as habilitar√°n el @MercantilBanco ,@credicardvzla,@bnc_corporativo como nuevas plataformas de pago para tramitar el pasaporte, cuya vigencia se extendi√≥ a 10 a√±os desde el #15Abr. https://t.co/VS0dEnxo0S",1386720088422862852
29,177264197,2021-04-26T16:21:21.000Z,"@MercantilBanco Buenas tardes, alg√∫n cajero con efectivo???",1386717043660099597
30,1335888298787696640,2021-04-26T15:22:20.000Z,@MercantilBanco buenos dias para cambiar mi llave mercantil tiene el chip da√±ado cuales serian los pasos,1386702189591158788
31,71123144,2021-04-26T14:22:23.000Z,@MercantilBanco Buenos d√≠as. Cu√°l ser√≠a el procedimiento para liberar una hipoteca?,1386687103959027713
32,50094726,2021-04-26T14:19:57.000Z,"@MercantilBanco Saludos. En las Mercedes cu√°l?
#tolon no abre",1386686490088984579
33,1369662806,2021-04-26T14:15:24.000Z,"@MercantilBanco el hacer un pago m√≥vil por la aplicaci√≥n a veces se vuelve una ladilla, no carga la cuenta, no carga el usuario todo un caos.",1386685345157296128
34,37703312,2021-04-26T14:07:17.000Z,@MercantilBanco Solicitamos la inclusi√≥n del territorio Esequibo en el mapa publicado. Gracias,1386683301809856517
35,89022840,2021-04-26T14:06:12.000Z,Son las 10 de la ma√±ana y @MercantilBanco sigue mudo. No se sabe cu√°ndo van a levantar su plataforma. Y menos a√∫n informarles a los clientes qu√© pas√≥,1386683029440040964
36,89022840,2021-04-26T13:59:50.000Z,Sigue ca√≠da la plataforma de @MercantilBanco . Clientes paralizados,1386681426553225217
37,89022840,2021-04-26T13:00:48.000Z,@MercantilBanco amaneci√≥ apagado? No se puede ingresar ni por la PC ni por el tel√©fono,1386666571662254086
38,887348506444353538,2021-04-26T11:35:19.000Z,@MercantilBanco Agradecida por la informacion feliz semana,1386645060347994112
39,887348506444353538,2021-04-26T11:20:28.000Z,@MercantilBanco Buenos d√≠as la agencia de la avenida Libertador de Barquisimeto la eliminaron?,1386641322669494282
40,184887725,2021-04-26T11:11:56.000Z,@MercantilBanco Buenos d√≠as est√°n recibiendo solicitudes apertura de cuenta? Gracias,1386639175789727744
41,129625799,2021-04-26T11:08:31.000Z,@MercantilBanco una pregunta en ese mapa tendr√≠a que estar el Esequibo  @AntroCanal,1386638316024569859
42,2336864258,2021-04-26T10:48:53.000Z,@MercantilBanco Buenos d√≠as quiero saber que oficinas estar√°n abiertas hoy en Carabobo,1386633372706000899
43,1294061679291117568,2021-04-26T10:33:38.000Z,@MercantilBanco Imagino que abren las oficinas de el Hatillo llevan 3 semanas cerrados. Es el √∫nico de la zona,1386629538046676994
44,1294061679291117568,2021-04-26T10:31:59.000Z,"@MercantilBanco Buenos d√≠as, imagino que el mercantil de el Hatillo abre esta semana porque ya van 3 semanas cerrados. Y es el √∫nico de la zona.",1386629123305611264
45,4383656735,2021-04-26T02:00:23.000Z,@MercantilBanco Siempre se han caracterizado por ser una empresa eficiente... Que pasa con la liberaci√≥n de los creditos hipotecarios.. Desde enero esperando y nada de respuestas..,1386500374421458950
46,1043260279,2021-04-26T01:07:53.000Z,"@MercantilBanco Buenas noche, Precio del punto de venta por favor. Saludos!",1386487160019300355
47,108942272,2021-04-26T01:06:44.000Z,@nacholacriatura @jesusmiranda @Norkys_batista @jguaido @UNICEF @opsoms @josyfernandez @bnc_corporativo @Banesco @BBVAProvincial @MercantilBanco @BcodeVenezuela @AsambleaVE,1386486871564378116
48,810315326105784321,2021-04-26T00:11:36.000Z,@MercantilBanco Hay alguna forma de cambiar el n√∫mero afiliado de manera online ?,1386472998450962432
49,810315326105784321,2021-04-26T00:10:37.000Z,@rboada958 @MercantilBanco X2 tambi√©n. Necesito hacer lo mismo,1386472751226138628
50,1380879351508561920,2021-04-25T23:22:43.000Z,"@MercantilBanco Buenas noches estimados, estoy interesado en tener cuenta mercantil",1386460693986254851
51,150493604,2021-04-25T20:13:20.000Z,@MercantilBanco C√≥mo se puede activar la tarjeta de coordenadas si estoy fuera del pa√≠s,1386413036743843841
52,39697919,2021-04-25T17:50:09.000Z,@MercantilBanco Diferencias de esta cuenta corriente electr√≥nica que abrirla en en banco?,1386377001192284165
53,86724676,2021-04-25T16:47:46.000Z,@Dereckb @MercantilBanco @credicard @bnc_corporativo @venevision Con hablan de platica buscan lo que se para cobrar. Pero para lo demas ponen trabas y enredan el papagayo.,1386361301962735616
54,128624915,2021-04-25T16:36:42.000Z,@MercantilBanco Yo escrib√≠ y me pide que entregue los papeles en el banco y luego la aperturan? Pens√© que era llenar la planilla escanear documentos y listo. Porque complican todo. Entonces es mentira que se puede abrir en l√≠nea,1386358517091737604
55,106296205,2021-04-25T16:25:54.000Z,@MercantilBanco quiero una electr√≥nica sin tanto papeleo,1386355798960443396
56,106296205,2021-04-25T16:25:17.000Z,@MercantilBanco yoooo,1386355646220705792
57,490837198,2021-04-25T16:24:37.000Z,@MercantilBanco Puedo abrir cta en $ electr√≥nica desde la comodidad de mi hogar?,1386355476636573697
58,185324969,2021-04-25T16:02:19.000Z,@MercantilBanco Buenas tardes. Me pueden informar si estan aceptando y por supuesto aprobando aumento en los limites de  de las tarjetas de redito,1386349866578743296
59,346336654,2021-04-25T15:47:34.000Z,"@MercantilBanco Buen d√≠a, hay alguna forma de cambiar el n√∫mero de tel√©fono v√≠a online? Perd√≠ el n√∫mero asociado al Tpago y tengo el usuario de mercantil en l√≠nea bloqueado.",1386346150647717891
60,1320729248311746561,2021-04-25T15:13:51.000Z,@salaprensaCantv @MercantilBanco @BcodeVenezuela BUENOS DIAS SOY USUARIO DE CANTV Y CANCELE MIS FACTURAS TANTO DEL MES PASADO Y DE ESTE MES Y NO SE ME VISUALIZAN LOS CANALES  LE HE ESCRITO A LOS CANALES DE ATENCION QUE DAN POR WHATSAPP Y LO QUE HACEN ES IGNORAR A UNO DICEN QUE HAY QUE ESPERAR  QUE LO ATIENDAN Y TENDO 2 SEMANAS,1386337668309692417
61,138945817,2021-04-25T15:09:17.000Z,"@Dereckb @MercantilBanco @credicard @bnc_corporativo @venevision Nos est√°n quitando dinero del banco Vzla, sin actualizar los pagos, y van a buscar m√°s bancos, q desastre, en una plataforma q no sirve....m√°s de 500 millones, y no actualizan los pagos... Revise amigo",1386336518688624646
62,51071935,2021-04-25T15:03:44.000Z,"EL Dir. Del Servicio Adm. De Identificaci√≥n, Migraci√≥n y Extranjer√≠a SAIME, Gustavo Vizca√≠no, anunci√≥ pr√≥ximamente la incorporaci√≥n de @MercantilBanco @credicard y @bnc_corporativo al sistema de tr√°mites para la cancelaci√≥n de pr√≥rrogas  y emisi√≥n de pasaportes/v√≠a @venevision",1386335121004011527
63,1551575059,2021-04-25T14:27:32.000Z,Que pasar√° con Mercantil en l√≠nea? @MercantilBanco,1386326012628279298
64,1348980733537300481,2021-04-25T12:23:14.000Z,@MercantilBanco Buen dia necesito me digan como desbloqueo clave internet dicen falta datos por favor,1386294730468728832
65,1380879351508561920,2021-04-25T11:18:15.000Z,"@MercantilBanco Buenos d√≠as Estimados en @GTOTALSALUD tenemos a su disposici√≥n la Telemedicina, con los mejores profesionales M√©dicos y especiales en la Medicina para atender su solicitud!!ü§≥ü§≥ https://t.co/8x0VwlaoI0",1386278376894259204
66,220503634,2021-04-25T01:34:56.000Z,@MercantilBanco Hola quisiera saber c√≥mo ser√° el mecanismo que se deber√° utilizar para como cliente poder autorizar los pagos por el sistema de C2P,1386131580318588933
67,2969798878,2021-04-25T01:01:19.000Z,"@cide_ula @MercantilBanco @BanescoPanama @Tibipd @CDCHTA @ja_olivares @Banesco @BanescoRD @Mercantilbanpa @BolsaMercantil Buenas noches, hasta cuando son las inscripciones, cuales son los requisitos y cuando inicia el diplomado?",1386123119501447173
68,1249828902958174215,2021-04-25T00:55:18.000Z,@MercantilBanco,1386121607287132160
69,3043449058,2021-04-24T19:01:45.000Z,"@SudebanInforma @BcoBicentenario @MercantilBanco 

Estado Zulia, Municipio Baralt, Parroquia Libertador, pedimos a las Entidades la Reactivaci√≥n de los Bancos https://t.co/WjMkLKkThe",1386032630760624131
70,468226530,2021-04-24T17:54:50.000Z,@SimpleTVVE Efect√∫e el pago por portal @MercantilBanco ayer al mediod√≠a. De mi cuenta se descont√≥ el dinero pero a√∫n no se me activa la se√±al por falta de pago. Les he escrito al DM y nada sin soluci√≥n,1386015793721352202
71,49786387,2021-04-24T17:31:34.000Z,@MercantilBanco Son solo 3 comercios!,1386009938686844931
72,2281008168,2021-04-24T14:18:13.000Z,@MercantilBanco Mercantil est√° presentando problemas con su plataforma ? No deja hacer transferencia,1385961279190351872
73,1428842382,2021-04-24T00:55:20.000Z,@MercantilBanco Permitan agregar cuentas.. ser√≠a lo m√°ximo,1385759227621388288
74,140194445,2021-04-23T22:17:32.000Z,"@MercantilBanco Buenas tardes, he pagado dos veces movistar TV, por mercantil y me descuentan la plata y no se realiza el proceso. Necesito respuesta",1385719513983950848
75,2581663291,2021-04-23T21:36:15.000Z,@MercantilBanco Hola! Me gustaria saber cu√°nto dinero m√°ximo puede recibir una cuenta de ahorro en un d√≠a?,1385709123858272263
76,188510920,2021-04-23T21:32:07.000Z,@MercantilBanco Les escribe temprano y nunca me atendieron,1385708087412207616
77,103671092,2021-04-23T20:52:33.000Z,@MercantilBanco buenas tardes... como hago para saber el n√∫mero de cuenta completo??,1385698129597583362
78,94396425,2021-04-23T20:13:21.000Z,Por en√©sima vez intento pagar @SimpleTVVE a trav√©s de  @MercantilBanco y es imposible. Nuevamente me quedar√© varios d√≠as sin se√±al porque no puedo pagar. Streamig: cada vez te veo como una soluci√≥n al karma,1385688264603017223
79,1573211304,2021-04-23T19:17:44.000Z,"@MercantilBanco Buenas tardes, necesitamos de su ayuda para una posible cuenta Hackeada ¬øestan atendiendo?",1385674266709012482
80,568482971,2021-04-23T18:58:16.000Z,@MercantilBanco Realmente hasta ahora no he logrado solucionar el problema de la.clave de mi tarjeta de debito el cual no me llega el mensaje a mi numero de celular. Ni por telefono he logrado solucionar. Hasta cuando.,1385669366797193221
81,188510920,2021-04-23T17:17:50.000Z,cuando me reponen el dinero pq ayer me indicaron que no se hizo el pago respondan a la brevedad posible @MercantilBanco,1385644092785373186
82,188510920,2021-04-23T17:14:06.000Z,acabo de realizar dos cargar a mi tv movistar como siempre lo he realizo y aun no se lo han debitado al movistar que robo vale @MercantilBanco @MovistarVe me quede sin dinero y sin ver tv,1385643154263707649
83,739782168856170496,2021-04-23T16:01:43.000Z,En @MercantilBanco est√°n a nada de pedir cabello de unicornio como recaudoü§î,1385624939210883074
84,206322344,2021-04-23T15:26:38.000Z,"@MercantilBanco Dice,f, que x la a √≠ppppppppppppppppppppppppppppppppp",1385616106946277381
85,148077485,2021-04-23T15:26:24.000Z,"Tienes la oportunidad de participar en nuestros diplomados para la gerencia de las empresas. 
Consulta nuestra p√°gina web:
https://t.co/fgM2kaRQdQ
@MercantilBanco @BanescoPanama @Tibipd
  @CDCHTA @ja_olivares @Banesco @BanescoRD
 @Mercantilbanpa @BolsaMercantil https://t.co/3l4UchLGFS",1385616048116965378
86,100562129,2021-04-23T15:10:42.000Z,"@MercantilBanco , c√≥mo se solicita una nueva tarjeta de cr√©dito por vencimiento",1385612101021052940
87,130959093,2021-04-23T14:14:27.000Z,Sinvenguenzas reactiven el servicio el banco les pag√≥ 2 veces @MercantilBanco @Defensoria_Vzla @sundde_ve @Conatel Encerrados sin tv y sin el dinero https://t.co/i4bV9suKNv,1385597944615813125
88,130959093,2021-04-23T13:57:39.000Z,Reactiven mi cuenta 27862892 m√°s de 48h desde el primer pago y 24h un segundo pago @MercantilBanco les pago Encerrados sin TV y pagada Abuso @sundde_ve @Conatel @Mippcivzla https://t.co/yIqLQ1rj5U,1385593716342198272
89,140181315,2021-04-23T13:56:10.000Z,@MercantilBanco Entiendo pero que duren mas de lo pautado me parece un abuso. Feliz d√≠a,1385593342143123458
90,130959093,2021-04-23T13:21:29.000Z,Han transcurrido mas de 48h desde el primer pago del servicio TV todav√≠a sigue suspendido y el dinero descontado. Recaudos enviados 4 veces v√≠a correo NO solucionan @AyudaMovistarVe @MercantilBanco dejen el peloteo @sundde_ve @Conatel @MinpublicoVE @Mippcivzla https://t.co/wv8yrguhs0,1385584615373656069
91,1335888298787696640,2021-04-23T11:43:26.000Z,@MercantilBanco buenos dias sres mercantil como hago para cambiar mi tarjeta de d√©bito se le da√±o el chip y no pasa en nigun punto cuales seran los pasos a seguir,1385559939503075330
92,76132491,2021-04-23T03:55:16.000Z,"Lo certifico, hice 3 horas de cola en la sede Principal  del @MercantilBanco, desde las 9.30am hasta las 12.44 que pude sacar. üëáüëáüëá https://t.co/of1W3fQT2k",1385442118689333250
93,135051727,2021-04-23T02:51:23.000Z,@MercantilBanco quisiera saber c√≥mo puedo aumentar mis l√≠mites en tarjetas de cr√©dito,1385426044669284352
94,3015929447,2021-04-23T00:02:52.000Z,@chavezeresloma1 @CarnetDLaPatria @NicolasMaduro Igual a mi! Transfer√≠ el 13 abril de @CarnetDLaPatria  bono y hoy 22 a√∫n no est√° acreditado en @MercantilBanco A quien podemos reclamar presidente @NicolasMaduro ?,1385383633591181314
95,64231313,2021-04-22T23:07:27.000Z,@MercantilBanco Buenas Noches! Hay alg√∫n horario para afiliarse a TPago? Es que no logramos entrar en la parte de afiliaci√≥n. Gracias,1385369691208785922
96,1385349740179693569,2021-04-22T21:50:53.000Z,@MercantilBanco Buenas tarde como desbloqueo mi saldo de la cuenta ya que el fondo fue transferido a otra cuenta mercantil y me lo bloquio porque,1385350419430486020
97,158189397,2021-04-22T21:03:56.000Z,"@MercantilBanco Buenas tardes, hice cambio de n√∫mero de contacto pero en Tpago sigue apareciendo el n√∫mero anterior, ¬øC√≥mo puedo cambiarlo?",1385338604008976387
98,1384612047548076040,2021-04-22T20:42:16.000Z,@DANIELMOSC @PINMOSC @AyudaMovistarVe @MercantilBanco @sundde_ve @SudebanInforma @observatoriovsp As√≠ mismo,1385333153057882112
99,130959093,2021-04-22T20:38:50.000Z,@galipanwinery @PINMOSC @AyudaMovistarVe @MercantilBanco Encerrados sin TV y sin el dinero @sundde_ve @SudebanInforma @observatoriovsp,1385332288087629829
100,1384612047548076040,2021-04-22T20:28:03.000Z,"@DANIELMOSC @PINMOSC @AyudaMovistarVe @MercantilBanco Igualmente, la misma situaci√≥n me pas√≥ en febrero, pague 6.400.000 por el movistar TV nunca me repusieron el dinero ni el saldo.

Esta vez no voy a dejarlo pasar, habr√° que denunciarlos en Fiscal√≠a",1385329574582571017
101,130959093,2021-04-22T20:25:42.000Z,"@galipanwinery @PINMOSC @AyudaMovistarVe Si las hay instancias. Voy a darle el beneficio de la duda. Mis primeras 48h se cumplen hoy. @MercantilBanco 
No estamos para jugar carritos",1385328984905469952
102,184887725,2021-04-22T20:13:21.000Z,"@MercantilBanco Que pasa con mercantil, quiero hacer transferencia de  pagos urgente y no me los procesa. Ayuda",1385325874296328194
103,184887725,2021-04-22T20:11:52.000Z,"@MercantilBanco Que pasa con mercantil, quiero hacer unos pagos urgente y no me los procesa.",1385325501527564296
104,130959093,2021-04-22T19:47:54.000Z,@AyudaMovistarVe Dejen el peloteo y resuelvan. Ya envi√© los recaudos de las transacciones. Restituyan el servicio o reversen mi dinero 2 dias en √©sto? @MercantilBanco p√≥nganse ustedes de acuerdo y no pongan a sus clientes al tira y encoje Es mi dinero me lo trabajo,1385319472572026882
105,168213079,2021-04-22T19:45:17.000Z,@MercantilBanco buenas tardes. Solicite informaci√≥n desde 01 de febrero. Me contactaron por correo 01 de Marzo hasta la fecha no me indican si necesitan algo mas  para concluir el tr√°mite que estoy realizando o status del mismo. Hasta cuando mas debo esperar? Llevo 3 meses,1385318810559856643
106,130959093,2021-04-22T19:41:43.000Z,@AyudaMovistarVe  @MercantilBanco Movistar y Banco Mercantil me est√°n peloteando He hecho 2 recargas al Movistar TV me las descontaron y encima me cortan el servicio Mercantil le da la culpa a Movistar y √©ste al Banco Ni reactivan ni reversan el dinero Mientras tanto veo el techo,1385317914593665024
107,338509441,2021-04-22T19:33:16.000Z,@MercantilBanco buenas Tardes . intento realizar cierre de lote en punto de venta verifone vx510 y me da error en cierre 909.,1385315789742424066
108,99763386,2021-04-22T18:07:57.000Z,De paso que despu√©s de pasar rato intentado abrir la app cuando lo logras y vas a hacer el pago pasa esto y ah√≠ se queda por la eternidad üôÇ @MercantilBanco https://t.co/wgHhHG8nXI,1385294318290841600
109,99763386,2021-04-22T17:57:12.000Z,Ustedes saben lo tremendamente irritante que esperar a que la app de pago m√≥vil abra? @MercantilBanco es m√°s f√°cil hacer un pago m√≥vil desde la web que desde la app,1385291612088147973
110,138139167,2021-04-22T15:41:41.000Z,"@MercantilBanco saludos porfavor como hago para efectuar los pagos de servicios q tengo afiliado si me aparece este mensaje. 
En estos momentos no podemos procesar su solicitud. Por favor intente m√°s tarde.
gracias",1385257507338268676
111,1111265740110381056,2021-04-22T15:23:12.000Z,@MercantilBanco La plataforma Digitel del banco presenta problemas no me refleja el saldo de mi cuenta porque ser√°?,1385252857700573187
112,1473327482,2021-04-22T14:42:09.000Z,"@MercantilBanco Buenos d√≠as, cu√°l es el monto m√°ximo de recibir transferencias , gracias",1385242528081920005
113,3015929447,2021-04-22T14:40:58.000Z,@SudebanInforma @CarnetDLaPatria @NicolasMaduro Van 6 d√≠as h√°biles bancarios y @MercantilBanco no libera fondos a mi cuenta de la transferencia desd Patria. Cu√°nto tiempo m√°s banco Mercantil con la demora? Vean foto. https://t.co/4zAqzEB7Lq,1385242227685867521
114,3015929447,2021-04-22T14:15:15.000Z,@SudebanInforma @NicolasMaduro @CarnetDLaPatria Hola! Desde mi√©rcoles pasado transferencia del monedero Patria a @MercantilBanco ya 5 d√≠as h√°biles!!! Hasta cu√°ndo Mercantil retiene los fondos?,1385235757330309123
115,231202515,2021-04-22T13:15:17.000Z,@MercantilBanco Buenos d√≠as y para cuando el aumento del l√≠mite de las tarjetas de cr√©ditos el m√≠o es de 5.000 bs,1385220664337084421
116,1925338003,2021-04-22T13:05:31.000Z,"@AyudaMovistarVe
 
@Conatel
 
@SudebanInforma
 
@MercantilBanco
 
@sundde_ve
 
@TarekWiliamSaab
 movistar sube mensual las rentas sin cotrol alguno",1385218206764314624
117,194136755,2021-04-22T12:58:45.000Z,@AyudaMovistarVe @Conatel @SudebanInforma @MercantilBanco @sundde_ve @TarekWiliamSaab movistar cobra por recargas y no la hace efectiva andan con un desatre y servicios cortados cu√°ntas veces una tiene que pagar hacen convenios con los bancos y nadie sabe nad,1385216504065630213
118,1513514222,2021-04-22T12:42:35.000Z,@MercantilBanco No se que cosa es mas fastidiosa en la vida que su aplicacion de los tokens,1385212435708137473
119,1935062052,2021-04-22T12:23:31.000Z,"@MercantilBanco Buenos d√≠as necesito desbloquear mi tarjeta y no puedo v√≠a online, Adalberto Brito",1385207636749082625
120,44057306,2021-04-22T12:05:52.000Z,"No importa donde est√©s, siempre que hayas sido cliente de @MercantilBanco te deseara feliz cumplea√±os https://t.co/IsiElwImsO",1385203197510356995
121,232968667,2021-04-22T01:28:30.000Z,"""¬°Feliz Cumplea√±os!"". Mi Mam√°

""¬°Hoy queremos celebrar junto a ti! En el banco manejamos muchos n√∫meros, pero hoy queremos compartir contigo el m√°s importante ¬°Feliz Cumplea√±os!"". @MercantilBanco 

¬°Muchas Gracias! a todos los que a√∫n me recuerdan con cari√±o https://t.co/jBPPwgsNdd",1385042795707121671
122,249418186,2021-04-22T00:46:10.000Z,@MercantilBanco Buenas yo he escrito a ese correo varias veces y aun no me han resuelto mi problema. Tengo mucho tiempo preguntando por   mi caso y nada que me resuelven. Es sobre la liberaci√≥n de una hipoteca.,1385032143517138946
123,79914403,2021-04-21T22:15:27.000Z,"@MercantilBanco buenas tardes,cual es el monto real para pagos moviles a otros bancos?xq hace dias modifique mi limite al maximo y hoy iba a hacer uno por un tercio del limite maximo y me dijo q superaba el limite diario ü§∑üèª‚Äç‚ôÇÔ∏è y era el primero q hacia (ojala me respondan pronto ü§ûüèª)",1384994216405839875
124,589231958,2021-04-21T20:32:43.000Z,"P√©simo servicio @MercantilBanco , estoy tratando de solucionar un problema con el acceso a mi cuenta por internet, he intentado por varias v√≠as y ha sido infructuoso. In√∫til el correo mercantil24@bancomercatil.com Misma situaci√≥n con otras 2 entidades bancarias y fue solucionado",1384968361596133388
125,221616720,2021-04-21T20:31:48.000Z,@MercantilBanco Al ingresar me indica que mi clave de internet est√° vencida y no logr√≥ recuperarla.,1384968129877577736
126,221616720,2021-04-21T20:28:34.000Z,"@MercantilBanco La p√°gina me indica que la clave de internet est√° vencida, llamo al Banco y no hay manera de reestablecerla,  y todo en plena pandemia y semana de radical.",1384967317365395463
127,988337984037703680,2021-04-21T18:41:37.000Z,"Cuenta Mony a trav√©s de @Mercantilbanpa para todos los clientes de @MercantilBanco en Venezuela, excelente opci√≥n para enviar y recibir divisas y realizar tus consumos a trav√©s de tu tarjeta de d√©bito internacional",1384940400973074439
128,245111482,2021-04-21T18:08:25.000Z,@salaprensaCantv @servicios_416 @MercantilBanco @BcodeVenezuela Se√±ores Cantv/tv satelital. Tengo mas de 5 a√±os sin tv satelital. y me llega una factura por casi BsS. 3.400.000. Qu√© vaina es esa. Revisen tengo una solicitud de un control remoto para el sistema tv/satelital y desde entonces no hay respuesta de su parte. Operadores ocupados.,1384932047244890113
129,184092503,2021-04-21T17:31:24.000Z,@MercantilBanco buenas tardes por favor me podrian indicar el monto maximo de pago movil,1384922733004341250
130,135507000,2021-04-21T17:09:29.000Z,"@MercantilBanco Buenas tardes, saludos cordiales. Cual es el procedimiento ahora en estos tiempos de pandemia. Tengo mi tarjeta de d√©bito da√±ada muy deteriorada como la reemplazo.",1384917214940250121
131,107767934,2021-04-21T16:33:37.000Z,https://t.co/z1SnqQOak2 algo para que @SudebanInforma @MercantilBanco @BBVAProvincial @BODoficial @BcodeVenezuela lean de vez en cuando.,1384908189590859781
132,3396809944,2021-04-21T15:31:52.000Z,"¬°Hey! Soy la mejor Finca que veras en San Juan de los Morros...V√≠a El Castrero Sector Callecitas‚Ä¶ https://t.co/R7TCerG6N8 @BCV_ORG_VE @BcodeVenezuela @MercantilBanco
 @BODoficial @Banesco @MPPEFCE @MinEcoFinanzas @MineriaSunacrip @AmberesCoin
@morocotacoin",1384892651787464710
133,2974748759,2021-04-21T15:30:44.000Z,@MercantilBanco Buenos d√≠as. Y los aumentos de los pr√©stame mercantil y de las TDC,1384892363122880516
134,836716219,2021-04-21T15:28:55.000Z,@MercantilBanco Necesito ayuda... no he podido hacer un pago m√≥vil que es urgente!!! No tengo respuesta de su parte...,1384891908481224706
135,138139167,2021-04-21T15:23:34.000Z,@MercantilBanco saludos deber√≠an revisar esa opci√≥n para cancelar me indica no disponible para el pago. gracias,1384890561296048131
136,108459559,2021-04-21T15:20:04.000Z,@MercantilBanco como pueden ayudar?tengo una semana tratando de actualizar mi clave de internet y entrar al portal,1384889679871369217
137,107767934,2021-04-21T15:14:04.000Z,"@MercantilBanco el vencimiento de la clave telef√≥nica no friega a uno en el momento m√°s importante, de paso no puede cambiarse desde la app.",1384888171490517001
138,1320729248311746561,2021-04-21T14:55:15.000Z,@salaprensaCantv @servicios_416 @MercantilBanco @BcodeVenezuela ya pague mi servico pero no me ha reestablecido los canale  necesito soluciones,1384883435416735748
139,1317609484777304064,2021-04-21T14:51:10.000Z,¬°Hey! Soy la mejor Finca que veras en San Juan de los Morros...V√≠a El Castrero Sector Callecitas‚Ä¶ https://t.co/7NDBPNj2Oh @marketing_inm @EekhoutBlanca @RamonMagallaneC @BCV_ORG_VE @BcodeVenezuela @MercantilBanco @Banesco @BODoficial @MPPEFCE @MinEcoFinanzas,1384882406604349442
140,113930963,2021-04-21T14:30:46.000Z,@MercantilBanco Ok. √önete a este emprendimiento y mejora tus ingresos https://t.co/3xQwUgZ7SS,1384877274437128194
141,836716219,2021-04-21T14:00:49.000Z,"@MercantilBanco Por favor... necesito una respuesta de su parte... les escrib√≠ en una publicaci√≥n, por msj directo y nada...",1384869737461698562
142,127759522,2021-04-21T13:32:05.000Z,"@MercantilBanco Buenos d√≠as, por favor quiero saber si hay problemas con la aplicaci√≥n de android, desde hace varios d√≠as no puedo acceder a ella, dice error... Gracias",1384862507504971779
143,836716219,2021-04-21T13:05:58.000Z,@MercantilBanco Necesito ayuda. No puedo hacer pago m√≥vil,1384855931696173056
144,864578190,2021-04-21T12:38:23.000Z,"@MercantilBanco buenos d√≠as, hace 5 d√≠as pague en farmatodo por punto simple tv, por punto dijo transacci√≥n fallida pero me debitaron el monto y no abono nada a la cuenta de simple tv",1384848992236941312
145,1114623043,2021-04-21T10:36:06.000Z,@MercantilBanco buenos d√≠as para saber si est√° semana los cajeros autom√°ticos estar√°n dispensando efectivo,1384818218448134145
146,221616720,2021-04-21T02:29:14.000Z,@MercantilBanco Al realizar una operaci√≥n en la p√°gina indica clave de internet vencida para cambiarla debe ser con clave telef√≥nica para obtenerla debo ir a un cajero.En pandemia ¬øporqu√© vencen las claves de internet y salir a obtener una clave telef√≥nica en un cajero insalubre?,1384695694955585543
147,1260253635243651072,2021-04-21T01:21:13.000Z,@alsca @MercantilBanco No.,1384678575333330953
148,360335366,2021-04-21T00:13:08.000Z,@MercantilBanco Amigo el banco me da el error 404 MElp 404,1384661441869926400
149,1962904681,2021-04-20T23:08:49.000Z,@salaprensaCantv @servicios_416 @MercantilBanco @BcodeVenezuela Buenas noche nesecito mi numero de reporte para activar mi plan internet 0212 4381979 caracas parroquia macarao,1384645255417446402
150,1250205775,2021-04-20T22:32:52.000Z,"@salaprensaCantv @servicios_416 @MercantilBanco @BcodeVenezuela Buen d√≠a, tengo meses sin servicio telef√≥nico y el de internet es intermitente. En todo el mes de marzo no tuve ni 1 sola vez el de internet y tengo un saldo pendiente. La idea es cancelar sin usar?.",1384636210409361408
151,3253928146,2021-04-20T21:59:45.000Z,@darkhaseovzla @salaprensaCantv @BcodeVenezuela @MercantilBanco Yo trato de acceder y sale esto https://t.co/EXzg5l3zHG,1384627875513393153
152,62372742,2021-04-20T21:41:01.000Z,"Estimados se√±ores @MercantilBanco desde el 12/3/2021 realic√© un pago a #SimpleTV a trav√©s de #Portaldepagos y hoy despu√©s de mes y d√≠as realizando reclamo recibo una notificaci√≥n donde indican que el √∫ltimo pago que registran es de febrero, solicito por favor indiquen",1384623163577884678
153,192751907,2021-04-20T20:58:37.000Z,@yoelm83 @salaprensaCantv @BcodeVenezuela @MercantilBanco Eso es por que CANTV tiene ese servidor web con Windows pirata,1384612493251674120
154,1260189997464014848,2021-04-20T20:47:10.000Z,"@salaprensaCantv @servicios_416 @MercantilBanco @BcodeVenezuela @salaprensaCantv saludos, cree mi usuario en cantv satelital y en la opci√≥n de saldo me dice IDENTIFICADOR DE PAGO NO ENCONTRADO, no se cuanto debo y donde cancelarlo, podrian ayudarme gracias",1384609610598805511
155,370396868,2021-04-20T20:37:48.000Z,"@MercantilBanco Buenas tardes, al momento de adjuntar el archivo con la informaci√≥n solicitada (el correo y el nuevo tel√©fono para modificar) me cierra la aplicaci√≥n",1384607254557638657
156,1183698614,2021-04-20T19:53:08.000Z,@MercantilBanco por favor mi tlf celular se da√±o.urge envien la clave temporal a mi correo electronico jbelen1930@gmail.com.TENGO 90 A√ëOS Y SUFRO DE https://t.co/sId9s5sov6 URGENTE,1384596012149444613
157,192646684,2021-04-20T19:28:03.000Z,"@MercantilBanco Es necesario que creen realizar pago m√≥vil con tan solo un mensaje de texto, en esta √©poca de carencia son pocos los afortunados que cuentan con acceso a internet. Urge realizar pago m√≥vil a trav√©s de un mensaje de texto.",1384589698144907265
158,2752909404,2021-04-20T18:55:28.000Z,"23. #Bancamiga 
@bancamiga

#BNC 
@bnc_corporativo

#BancoMercantil @MercantilBanco

#BFC @ActitudBFC

#MiBanco
@mibancove

Ya estas entidades iniciaron sus campa√±as comunicacionales por los distintos medios para la afiliaci√≥n de los comercios a este nuevo servicio #C2P",1384581498163146754
159,80550281,2021-04-20T17:46:51.000Z,"@MercantilBanco Buenas tardes, estoy tratando de hacer un pago de SimpleTv por el portal de pagos desde ayer y me dice que en este momento no se puede procesar, hay alg√∫n inconveniente con esa plataforma?",1384564232616820739
160,194136755,2021-04-20T17:42:02.000Z,@AyudaMovistarVe @Conatel @MercantilBanco @CaraotaDigital @NicolasMaduro @sundde_ve @SudebanInforma tengo 2 d√≠as sin servicio TV pague y no aparece reflejado esta descontado del mercantil y pagado por p√°g movistar quien es el responsable?,1384563019695501316
161,79862246,2021-04-20T17:29:52.000Z,@MercantilBanco Buenas tardes. Me urge hablar con un operador. Deje un mensaje en el directo. Gracias,1384559958239350785
162,108389949,2021-04-20T17:27:40.000Z,"Buenas tardes, me encuentro en Caracas y mi Llave Mercantil esta bloqueada. He llamado y me dice que debo ir una oficina. C√≥mo puedo resolver esto? Gracias. @MercantilBanco",1384559403853041676
163,179686124,2021-04-20T16:57:59.000Z,"@salaprensaCantv @MercantilBanco @BcodeVenezuela Actos vand√°licos dejan sin Telefon√≠a e Internet #CANTV a familias en el Municipio #Palavecino Parroquia Jos√© Gregorio Bastidas, sector #LosRastrojos, #1rodeMayo y la #RaulLeoni, #Lara el Cajet√≠n se encuentra en la Av Intercomunal #Cabudare
https://t.co/HCYvUypSVN https://t.co/KFnDasWvK8",1384551932941963267
164,2359990927,2021-04-20T16:54:51.000Z,@MercantilBanco Buenas tardes estimado! Como puedo hacer para pagar movistar tv... Ya que cada vez que lo afili√≥ el n√∫mero de contrato.... me dice que es inv√°lido.... Como me puede ayudar?,1384551144551239684
165,2443165968,2021-04-20T16:21:07.000Z,"@MercantilBanco por favor, necesito hacer el cambio de mi numero telefonico me pidiron una carta (ya la tengo) la cedula y ahora me mandan pa un cajero NO PUEDO IR ademas cerca de donde vivo NO HAY",1384542655267364869
166,2443165968,2021-04-20T16:17:53.000Z,@MercantilBanco No funciono.. Mi usuario esta bloqueado porque no me llega la clave al celular no puedo desbloquearlo ahora me manda a un cajero a cambiar clave telefonica tengo COVID y no puedo salir,1384541842457366536
167,2443165968,2021-04-20T16:13:35.000Z,"@MercantilBanco Agradecida, ya en proceso les notificar√© si funcion√≥",1384540759198769155
168,2443165968,2021-04-20T16:00:32.000Z,@MercantilBanco Por favor podran atender mi urgencia,1384537476535029771
169,3253928146,2021-04-20T15:51:44.000Z,@salaprensaCantv @servicios_416 @MercantilBanco @BcodeVenezuela Pero como si no se puede acceder a el link de televisi√≥n satelital tengo como un mes luego de crear mi usuario y no he podido acceder m√°s. Por favor les agradesco respuesta.,1384535261388890118
170,197464409,2021-04-20T15:32:13.000Z,@MercantilBanco Buen d√≠a!!! Que debo colocar en MIA pera que me despliegue la plantilla de solicitud de apertura de la cuenta? Gracias,1384530352249655299
171,2443165968,2021-04-20T15:21:59.000Z,@MercantilBanco Buenos dias por favor necesito desbloquear mi acceso a mercantil en linea personas pero el celular que esta registrado fue robado y no me llega la clave temporal al correo,1384527773281275907
172,1357190856,2021-04-20T15:20:34.000Z,@salaprensaCantv @servicios_416 @MercantilBanco BUEN DIA AUN NO ME DAN RES√ôESTA DE LA SIGUIENTE Solicitud: &lt;/b&gt;1000052404 C√É¬©dula Solicitante:20490552,1384527420288602112
173,1357190856,2021-04-20T15:15:57.000Z,@salaprensaCantv @servicios_416 @MercantilBanco @BcodeVenezuela BUEN DIA AUN NO ME DAN RES√ôESTA DE LA SIGUIENTE Solicitud: &lt;/b&gt;1000052404 C√É¬©dula Solicitante:20490552,1384526257166200832
174,1381435288136876032,2021-04-20T14:52:23.000Z,"@MercantilBanco uy! ya habiamos acordado, por las tantas dificultades que nos entender√≠a mos a trav√©s del e-mail que uds me enviaron, cosa que hice y sin embargo no he tenido respuesta alguna . Agradecer√≠a me dieran una soluci√≥n.",1384520326550376449
175,162639279,2021-04-20T14:51:49.000Z,".@MercantilBanco
 Hola, estoy tratando de realizar un pago de un servicio por e-Pagos y me dice que el n√∫mero de mi llave es incorrecto. Error: 105-BOL-257",1384520184334008322
176,1381435288136876032,2021-04-20T14:45:48.000Z,"@MercantilBanco oh! ya hab√≠amos hablado de las dificultades, de acceso, de movilizaci√≥n y obviamente, financieras para trasladarme, etc... por lo que hab√≠amos acordado comunicarnos via e-mail y o estuve haciendo pero no a√∫n hoy no he recibido respuesta alguna",1384518669779275777
177,169144926,2021-04-20T14:40:13.000Z,@salaprensaCantv @MercantilBanco @BcodeVenezuela Quisiera cancelar cantv satelital y la opci√≥n del link sale error,1384517262925762562
178,85679202,2021-04-20T14:34:29.000Z,@cide_ula @IESA @IESAArgentina @EmpresasPolar @MercantilBanco @Tibipd Costos,1384515822501179392
179,79862246,2021-04-20T13:33:00.000Z,@MercantilBanco Buenos d√≠as he dejado por Dm un problema que tengo. Me han contestado algo de Movistar y mi requerimiento es una transferencia a la UCAB.,1384500347838902275
180,122572596,2021-04-20T13:20:41.000Z,@MercantilBanco Buenos d√≠as a donde acudo a solicitar una nueva llave mercantil ya que se deterioro por completo... En la agencia de Bello monte no estaba abierta la semana flexible. Espero su respuesta,1384497247606517764
181,1022821476536336384,2021-04-20T12:48:47.000Z,@carla_0295 @AyudaMovistarVe @MercantilBanco Me pas√≥ lo mismo amiga,1384489219029090305
182,95747692,2021-04-20T12:45:14.000Z,"@MercantilBanco saludos, las agencias en Guarenas y Guatire, est√°n trabajando estos d√≠as?? Gracias, mira  @PeggyLaEkman",1384488329387941891
183,147179079,2021-04-20T12:33:58.000Z,"@AyudaMovistarVe El viernes y sabado recargu√© desde mimovistar con @MercantilBanco, me debitaron el dinero pero no me han activado el plan, qu√© pasa?",1384485490632581122
184,578325382,2021-04-20T11:54:39.000Z,"@MercantilBanco  sres. Mercantil hice una transferencia el 13 de abril entre mis cuentas y a√∫n no se me hace efectivo. Me parece un abuso, que jueguen con el dinero de los clientes, y m√°s en esta situaci√≥n pa√≠s donde tenemos necesidad y cuentas por pagar. Necesito mi plata.",1384475598014369793
185,108504709,2021-04-20T11:31:17.000Z,@salaprensaCantv @servicios_416 @MercantilBanco Buenos d√≠as quer√≠a saber si se puede hacer solicitud de nuevas l√≠neas telef√≥nicas,1384469717625282560
186,40367287,2021-04-20T11:22:54.000Z,"@salaprensaCantv @MercantilBanco @BcodeVenezuela Cu√°les son los canales de atenci√≥n?, Porque tengo un inconveniente y no hallo a d√≥nde notificarlo",1384467608632799235
187,1338415882519842816,2021-04-20T11:13:11.000Z,"@MercantilBanco Gracias por la informaci√≥n amigo, muy amable",1384465160841093123
188,1366372219744641024,2021-04-20T10:43:25.000Z,@jairo_aponte71 @SudebanInforma @MercantilBanco Hermano exija a su entidad bancaria le activen cajeros autom√°ticos √©stos no dan explicaciones cre√≠bles del porque est√°n fuera de servicio es parte de lo que UD coment√≥!!ü§¶‚Äç‚ôÇÔ∏è,1384457670548144129
189,1189186502737055747,2021-04-20T08:54:34.000Z,@salaprensaCantv @MercantilBanco @BcodeVenezuela Yo Page La Cuota Vencida El 09 Y HOY ES 20 Y Nada Que Restablecen El Servicio Numero 02812690021 @Gabrielasjr @Conatel,1384430280484823041
190,846822066,2021-04-20T03:09:18.000Z,"@PazenVzla @garabyte Si ingreso por el celular a la app tengo que cambiar de 4G a 3G para que tenga estabilidad en la conexi√≥n, es la √∫nica forma que me funciona con el mercantil
@MercantilBanco",1384343390532161538
191,109357424,2021-04-20T02:43:07.000Z,"@salaprensaCantv @BcodeVenezuela @MercantilBanco Hola, no se como registrar el pago en el banco, tengo registrado mi numero telefonico pero no sale donde colocar el identificador para pagar la TV satelital, aparece solo simpleTV",1384336800127275017
192,245362830,2021-04-20T01:21:18.000Z,@MercantilBanco Hoy Vzla. es menos independiente que nunca antes!,1384316209894731778
193,152325099,2021-04-20T00:29:16.000Z,@MercantilBanco Como solicito un punto de venta con el banco Mercantil sin cuenta jur√≠dica?,1384303116040818692
194,906930391558344706,2021-04-20T00:24:07.000Z,@MercantilBanco Buenas? Q oficina trabaja ma√±ana,1384301821087215620
195,363115255,2021-04-20T00:12:03.000Z,@salaprensaCantv @MercantilBanco @BcodeVenezuela Parroquia Aguas Caliente Municipio Diego Ibarra Mariara n√≥dulo Bicentenaria 4317 cada vez m√°s falta de mantenimiento muchos usuarios sin servicio de telefon√≠a e internet los esperamos por estos lados.,1384298781869363204
196,1157832394600341504,2021-04-19T21:38:01.000Z,@n_nNany @MercantilBanco @alciblanc A m√≠ me sale as√≠. ¬øC√≥mo lo resolviste?,1384260019319762949
197,1309718184648474624,2021-04-19T21:17:42.000Z,"@salaprensaCantv @MercantilBanco @BcodeVenezuela Buenas tardes, tarde en pagar mi servicio y luego de pagarlo mi aba no funciona. Vivo en punto fijo estado Falc√≥n. Intente hacer el reclamo por la p√°gina pero no funciono",1384254906660360196
198,100070846,2021-04-19T21:14:15.000Z,@MedinaEulimar @salaprensaCantv @MercantilBanco @BcodeVenezuela Cu√°nto cuesta el plan amiga?,1384254036988235780
199,162639279,2021-04-19T21:14:14.000Z,"@MercantilBanco Hola, estoy tratando de realizar un pago de un servicio por e-Pagos y me dice que el n√∫mero de mi llave es incorrecto. Error: 105-BOL-257",1384254033318141955
200,67021100,2021-04-19T20:44:26.000Z,@MercantilBanco Gracias ¬øy los documentos vencidos?. Ya van dos citas perdidas y repautadas con lo del 7x7  y sus cambios. ¬øEntonces en definitiva ma√±ana no debo asisitir.? üò£,1384246534032609290
201,4245474093,2021-04-19T20:16:01.000Z,@MercantilBanco que se puede hacer para activar el pago movil ya que no logro hacerlo por telefono ni por la pagina,1384239383922941954
202,183452431,2021-04-19T20:15:47.000Z,@salaprensaCantv @MercantilBanco @BcodeVenezuela Tengo m√°s de ocho meses sin tono en el tel√©fono y tampoco tengo internet Ya realize el reporte 0281-2750508 ayuda auxilio,1384239324988805124
203,4245474093,2021-04-19T20:13:10.000Z,@MercantilBanco buenas tardes necesito activar mi tpagomercantil y no logro hacerlo por la pagina ni por telefono por favor resdpuesta immediata,1384238666088812550
204,1260189997464014848,2021-04-19T20:08:00.000Z,@leninalbertop @MercantilBanco Gracias ...pero lo del post pago nos sirvo bastante,1384237366362005512
205,89435390,2021-04-19T20:05:43.000Z,@CarlosDavidUP @MercantilBanco La verdad que ah√≠ si no se.,1384236791021015052
206,615596040,2021-04-19T19:43:10.000Z,@salaprensaCantv @MercantilBanco @BcodeVenezuela Pago sin tener servicio telef√≤nico fijo hace m√†s de 8 meses y ahora sin internet.  Reporte 21933345,1384231115183988742
207,583843160,2021-04-19T19:38:50.000Z,@salaprensaCantv @MercantilBanco @BcodeVenezuela se preocupan de cobrar pero nunca de prestar un buen servicio como todo en el pais  cuando esta en manos del gobierno,1384230024874643461
208,291812022,2021-04-19T19:14:11.000Z,"@salaprensaCantv @MercantilBanco @BcodeVenezuela cancele el domingo 4 de abril
 y aun no me han reconectado el servicio sale suspendido",1384223823453589505
209,810117385814474752,2021-04-19T19:13:14.000Z,@salaprensaCantv @MercantilBanco @BcodeVenezuela Aja donde asignan  numero de reporte . Van tres meses y nada,1384223581173731335
210,149959442,2021-04-19T19:09:29.000Z,"@yasmirgoite @salaprensaCantv @MercantilBanco Estimado cliente,
Por favor escr√≠benos a trav√©s de un DM tu caso y especif√≠canos tu N¬∞ de c√©dula de identidad, nombre y apellido, tel√©fono de contacto, quedamos atentos. 
Gracias por escribirnos.",1384222639678361603
211,114314624,2021-04-19T19:05:52.000Z,@salaprensaCantv @MercantilBanco @BcodeVenezuela Que m√°s me queda! Seguir cancelado sin tener servicio üòî Reporte N√∫mero 21695286,1384221727668924418
212,148984418,2021-04-19T19:00:24.000Z,"@salaprensaCantv @MercantilBanco @BcodeVenezuela Av:22849947
D√≠a 35 sin internet.
D√≠a 03 con tono de telefono,
Y pase 91  Sin Internet desde 20/10/20 me llego el 21/02/21
 Ya envi√© Mensaje directo!
¬øSolo atienden al empresario?
 
@Conatel

@Mippcivzla

@NicolasMaduro

@salaprensaCantv

@Gabrielasjr

 #PueblosUnidosPorLaPaz",1384220355112280076
213,254632929,2021-04-19T19:00:01.000Z,"#QueNoSeTeOlvide pagar a tiempo tu factura de #CantvTelevisi√≥nSatelital. 

Consulta tu saldo en tu Perfil de Usuario, ingresando al link https://t.co/vKZ0Ieb5Fh.

#PagarEnCantvEsSencillo hazlo a trav√©s de nuestros bancos aliados:
@MercantilBanco @BcodeVenezuela https://t.co/2fQZ5ZJZxW",1384220255191400448
214,1260189997464014848,2021-04-19T18:02:10.000Z,@leninalbertop @MercantilBanco Gracias y para los pre pago?,1384205699371048961
215,212016825,2021-04-19T17:48:53.000Z,@MercantilBanco  @sundde_ve @SudebanVzla expliquenme x q la agencia mercantil de 5 de julio-II en Maracaibo el 13.04.2121 solo le permite el retiro de efectivo por taquilla a las personas de 60 a√±os... me parece muy raro que hagan discriminaci√≥n. verif que hacen con el efectivo.,1384202357806813184
216,1348661210019983360,2021-04-19T17:44:39.000Z,"@NoraimaSuarez @QuintusAemilius @SimpleTVVE @MercantilBanco ¬°Buenas tardes Nora! Gusto en saludarla. Por favor, para ayudarte a solventar tu inconveniente, te pedimos que nos escribas por Mensaje Privado de @clientesimpletv Gracias por comunicarte con SimpleTV! https://t.co/bkSnK1uSGw",1384201288506757125
217,124796834,2021-04-19T17:19:42.000Z,"@QuintusAemilius @SimpleTVVE A mi pap√° le pas√≥ igual. Pero pag√≥ a trav√©s de Portal de Pagos Mercantil @MercantilBanco el s√°bado, a√∫n hoy no tiene conexi√≥n.",1384195010736787465
218,1226479372187717632,2021-04-19T17:06:05.000Z,@valeemujica @salaprensaCantv @MercantilBanco @BcodeVenezuela hola cuando te lo crtaron se fue solo el tono y te quedo internet se quedo sin nada,1384191583348695042
219,948007241596243968,2021-04-19T16:53:29.000Z,"@MercantilBanco Buenas tardes,a manera de informacion y esperando su respuesta en algun momento subiran los limites de las tarjetas de credito ?espero su respuesta ya que nunca responden esa inquietud GRACIAS feliz tarde.",1384188413889323012
220,140222126,2021-04-19T15:34:13.000Z,@Lesbia43571858 @MercantilBanco Y sale mejor hacer transferencia entre usuarios mercantil ya que la comisi√≥n es 0% y con pago movil cobran la comisi√≥n como que si fuera a otro banco....,1384168467310342146
221,240425031,2021-04-19T15:32:24.000Z,@MercantilBanco Y el aumento de las TDC para cuando...???,1384168007421726723
222,148077485,2021-04-19T15:04:21.000Z,"El CIDE te ofrece Diplomados Virtuales en el √°rea administrativa para tu capacitaci√≥n profesional y el manejo de las empresas. Inscripciones abiertas.
web: https://t.co/fgM2kb9r5o
@iesa @IESAArgentina @EmpresasPolar @MercantilBanco @Tibipd @ja_olivares https://t.co/sf6w7Au3Gg",1384160951042142208
223,148077485,2021-04-19T15:00:54.000Z,"El CIDE te ofrece Diplomados Virtuales en el √°rea administrativa para tu capacitaci√≥n profesional y el manejo de las empresas. Inscripciones abiertas.
web: https://t.co/FyJz0eTzlS
@iesa @IESAArgentina @EmpresasPolar @MercantilBanco @Tibipd https://t.co/mxdXwRMTO5",1384160083123212296
224,147179079,2021-04-19T14:40:18.000Z,"@Rober_Car27 @AyudaMovistarVe @MovistarVe A mi me debitaron dos veces. Y despu√©s me lleg√≥ correo que no se pudo realizar.

Tambi√©n quiero saber si es una falla de Movistar o de @MercantilBanco",1384154896434286604
225,140181315,2021-04-19T14:38:02.000Z,"@MercantilBanco Las peleas pol√≠ticas no me importan, solo se que hice una transferencia el jueves y a√∫n no se hace efectiva. Hoy 19 de abril, tengo que esperar hasta ma√±ana??",1384154326742888450
226,2264448633,2021-04-19T14:23:52.000Z,@MercantilBanco Deben repasar los libros de historia. Bueno de los que sirven,1384150762490503180
227,936345150233726978,2021-04-19T14:22:09.000Z,Hoy fui a un cajero del Banco Mercantil en Pto. Cabello. ¬°Oh sorpresa! Solo est√° aceptando tarjetas del Mercantil. En toda la ciudad hay 2 o 3 cajeros operativos entre todos los bancos. Todo siempre apunta a joder mas al pueblo. ¬°Que humanidad! @SudebanInforma @MercantilBanco,1384150331156688902
228,284232415,2021-04-19T14:16:12.000Z,@MercantilBanco Gracias,1384148830753488906
229,155769264,2021-04-19T14:09:37.000Z,@MercantilBanco Quisiera me ayuda tambi√©n a verificar mis datos ya que me bloquearon mi dinero en mi cuenta por no movilizarla con frecuencia,1384147173613309953
230,49318166,2021-04-19T14:08:56.000Z,@salaprensaCantv @servicios_416 @MercantilBanco Buenos d√≠as alg√∫n tlf para reportar una falla del servicio ABA??,1384147002242453504
231,517602494,2021-04-19T14:01:12.000Z,"@salaprensaCantv @servicios_416 @MercantilBanco Buen d√≠a . Agrcdezco ampliamente su atenci√≥n en relaci√≥n al reporte por aver√≠a es el n√∫mero 22934853.
Sector las tunitas sin internet desde  un apag√≥n ocurridodo el pasado jue 8 abril",1384145057125593090
232,1218155993953193991,2021-04-19T13:53:59.000Z,@MercantilBanco https://t.co/CCQkSi6WGo,1384143240060817419
233,1314694169240186880,2021-04-19T12:59:44.000Z,@salaprensaCantv @MercantilBanco @BcodeVenezuela Estafadores,1384129589362892801
234,1338415882519842816,2021-04-19T12:47:22.000Z,"@MercantilBanco Ya tengo una cuenta corriente, pero quisiera abrir una en Divisas, puedo hacerlo de manera electr√≥nica igual?",1384126476719595523
235,139709589,2021-04-19T12:43:15.000Z,@Inves_IMPARQUES @imparques @Banesco @BBVAProvincial @MercantilBanco @BODoficial @AlcaldiaSucre @MinEcoFinanzas @MINECOGT https://t.co/EZUCklLmI2,1384125440298610692
236,67021100,2021-04-19T12:03:31.000Z,@MercantilBanco ¬øAtender√°n las citas programadas para abrir cuenta esta semana? tengo cita ma√±ana! tercer intento de abrirla,1384115439320535044
237,67021100,2021-04-19T12:01:06.000Z,"Ma√±ana tengo cita con @MercantilBanco para abrir cuenta, cae semana radical y de igual forma me dan cita, no s√© a quien preguntarle y por 3era vez se me vencer√°n los documentos.",1384114832484442116
238,128620228,2021-04-19T11:51:17.000Z,"@MercantilBanco Epale catire, estas m√°s pelado que garrapata de peluche. Ac√° los panas de el corito hist√≥rico explican bien los sucesos de ese d√≠a y que nada tuvo que ver con la independencia.

https://t.co/sFxVR9ALDS",1384112360864976896
239,2556081220,2021-04-19T11:05:35.000Z,@cdenhca @MercantilBanco Cosas q uno no entiende.,1384100862943928327
240,46544779,2021-04-19T10:35:40.000Z,"@MercantilBanco Buenos d√≠as. Deber√≠an ampliar el n√∫mero de recargas al mes con Digitel por favor. En casa tenemos dos l√≠neas, es la que tiene mejor cobertura y el servicio est√° muy costoso. Gracias!",1384093334285688836
241,1334982496946163714,2021-04-19T10:31:53.000Z,@MercantilBanco 12952625 04122914222,1384092381155258374
242,1360109396764860418,2021-04-19T10:13:18.000Z,@MercantilBanco A ESTA HORA 6 Y 05 DE LA MA√ëANA DE HOY 19 DE ABRIL NO ABRE LA APLICACI√ìN MERCANTIL BANCO. ES UNA SITUACI√ìN EXCESIVAMENTE FRECUENTE.. #transferecias #bancos #atencionaclientesdebancos,1384087704544022530
243,134151302,2021-04-19T06:02:33.000Z,"@salaprensaCantv @MercantilBanco @BcodeVenezuela He Tratado de recargar en varias oportunidades pero cuando voy al Banco donde dice consultar me sale que numero no encontrado, que podr√≠a ser?.",1384024602603450375
244,1500277051,2021-04-19T03:11:07.000Z,@MercantilBanco Como podr√≠a cambiar mi cuenta de ahorro por una cuenta corriente sin mucho papeleos,1383981457144631296
245,90549975,2021-04-19T02:59:48.000Z,"@wkpm1982 @MercantilBanco Y de paso son demasiados recaudos que piden, yo abr√≠ el a√±o pasado una cuenta en mercantil panam√° y sup√©r f√°cil y de paso me llego la tarjeta de d√©bito ac√° a Valera sin tanto rollo y sin tanto papeleo....",1383978611045138434
246,90549975,2021-04-19T02:56:00.000Z,"@cdenhca @MercantilBanco Tienes raz√≥n, se hace muy complicado abrir una cuenta de cualquier tipo (siendo uno cliente con mas de 10 a√±os), de paso (critica constructiva) algunas ejecutivas de venta tratan mal al cliente (lo digo con base) como por ejemplo en las sucursales de ac√° de Valera Edo Trujillo",1383977653447774216
247,146993682,2021-04-19T02:38:23.000Z,@MercantilBanco Saludos que tengo que hacer para q mi cuenta resiva  moneda extranjera.. tengo corriente y ahorros ..,1383973222085840899
248,155769264,2021-04-19T02:14:56.000Z,@MercantilBanco ten√≠a algunos meses sin movilizar mi cuenta me toc√≥ utilizarla para poder comprar unas medicinas y estoy bloqueada hasta que verifiquen mis datos. Cargue todos los recaudos en l√≠nea entre ellos carta de residencia actualizada y a√∫n tengo que ir al banco.,1383967319613841411
249,401691834,2021-04-19T02:12:20.000Z,"@MercantilBanco Estoy emprendiendo un negocio, y tener un Punto de venta como es de engorroso, cuando antes el Banco lo daba en comodato o arriendo, las politicas hoy d√≠a son muy severas para el peque√±o comerciante...",1383966666879508486
250,401691834,2021-04-19T02:11:08.000Z,"@MercantilBanco Soy cliente del Banco, una antig√ºedad de hace mas de 20 a√±os... y aun as√≠, hoy d√≠a te piden hasta la fecha de nacimiento teniendo ya la data, no entiendo, quise abrir la cuenta en divisas, lo anuncian en las publicidades tan f√°cil, y cuando llegas al Banco te piden mas requisitos",1383966365011243020
251,3253928146,2021-04-19T01:47:06.000Z,@leninalbertop @salaprensaCantv @MercantilBanco @BcodeVenezuela Excelente y detallada informaci√≥n muchas gracias amigo!,1383960313616244738
252,89435390,2021-04-18T22:39:22.000Z,@CarlosDavidUP @MercantilBanco ¬°Hola Carlos! que tal. Tal vez esto te ayude. https://t.co/a1FMSZPIpu,1383913071295438855
253,89435390,2021-04-18T22:33:23.000Z,@yoelm83 @salaprensaCantv @MercantilBanco @BcodeVenezuela Sigue estos pasos üëâ https://t.co/a1FMSZPIpu,1383911563250212864
254,1292199407803342853,2021-04-18T21:50:24.000Z,@MercantilBanco Mas importante es para otros bancos porque para los del mismo mercantil se puede hacer transferencia sin necesidad de tpago,1383900746882568195
255,1170495566167588865,2021-04-18T21:44:33.000Z,@MercantilBanco No sirve para nada la p√°gina banca en linea ahora va a servir un asistonto virtual? Imposible ingresar x 1ra vez d paso t expulsa sin terminar de llenar el formulario de preg d seguridad y ni hablar de la clave temp q no llega d una,1383899274480558097
256,1383890271453081607,2021-04-18T21:32:06.000Z,@neljulgerg16 @salaprensaCantv @MercantilBanco @BcodeVenezuela @Mincyt_VE @Gabrielasjr Como puedo crear un usuario cantv satelital,1383896141423517709
257,147179079,2021-04-18T21:25:43.000Z,@karnaugh11 @AyudaMovistarVe S√≠. Supongo que hay que esperar el lunes. A ver si es Movistar o @MercantilBanco,1383894535328059394
258,128624915,2021-04-18T21:10:08.000Z,@MercantilBanco Buenas tardes. Intente abrirla en l√≠nea y me indic√≥ M√çA que debo llevar los recaudos al banco??? No entend√≠ entonces?,1383890612097753102
259,284232415,2021-04-18T20:54:21.000Z,@MercantilBanco buenas tardes un pregunta ya que las oficinas no estan funcionando donde. Se debe ir cuando la tajeta se vence,1383886643673767949
260,1234304600473325571,2021-04-18T20:26:10.000Z,@salaprensaCantv @MercantilBanco @BcodeVenezuela Buenas me lo cortaron y ya pague cuando me lo restableceen,1383879547574054915
261,148984418,2021-04-18T19:38:24.000Z,"@salaprensaCantv @MercantilBanco @BcodeVenezuela Av:22849947
D√≠a 34 sin internet.
D√≠a 02 con tono de telefono,
Y pase 91  Sin Internet desde 20/10/20 me llego el 21/02/21
 Ya envi√© Mensaje directo!
¬øSolo atienden al empresario?
 
@Conatel

@Mippcivzla

@NicolasMaduro

@salaprensaCantv

@Gabrielasjr

 #PueblosUnidosPorLaPaz",1383867528330444804
262,254632929,2021-04-18T19:30:00.000Z,"#QueNoSeTeOlvide pagar a tiempo tu factura de #CantvTelevisi√≥nSatelital. 

Consulta tu saldo en tu Perfil de Usuario, ingresando al link https://t.co/vKZ0Ieb5Fh.

#PagarEnCantvEsSencillo hazlo a trav√©s de nuestros bancos aliados:
@MercantilBanco @BcodeVenezuela https://t.co/ZDIClCroZ9",1383865413650448389
263,497461133,2021-04-18T18:59:43.000Z,@MercantilBanco Deseo abrir cuenta en mercantil,1383857792323231749
264,72713078,2021-04-18T18:57:05.000Z,@MercantilBanco Y otro bco cuanto es lo m√°ximo,1383857130185183237
265,1334184695261769728,2021-04-18T16:28:24.000Z,"@salaprensaCantv @MercantilBanco @BcodeVenezuela Pagar no es dif√≠cil, lo dif√≠cil est√° cuando tienes un reporte de aver√≠as, y te lo atiendan.",1383819711872323587
266,1047051511375831040,2021-04-18T16:22:59.000Z,"@MercantilBanco Buen d√≠a, les he escrito en otras oportunidades debido a que me est√°n cobrando un seguro que yo no he contratado. Dice SEGUROS MERCANTIL",1383818350162182144
267,1057600740062121984,2021-04-18T15:57:00.000Z,"@MercantilBanco Saludos, en el caso de olvido de La clave de la TARJETA EFECTIVO, ¬øcomo gestino reablecer una nueva clave?",1383811813473624075
268,156463225,2021-04-18T15:53:02.000Z,@MercantilBanco hola buenos dias  como hago para abrir una cuenta,1383810813220200456
269,3290130813,2021-04-18T15:43:51.000Z,@MercantilBanco buenos d√≠as con mercantil empresa se puede hacer el pago m√≥vil,1383808502347436044
270,105291520,2021-04-18T15:33:41.000Z,"@MercantilBanco Buenos d√≠as, deber√≠an hacer como otros bancos, permitir abrir la cuenta en divisa completamente online si ya eres cliente.",1383805944883138564
271,240803376,2021-04-18T15:32:42.000Z,@MercantilBanco Deber√≠an de actualizar la apps de #BancoMercantil y as√≠ realizar pagos de servicios de telefon√≠a m√≥vil de cuentas post pagos como en el caso de Movistar Digitel y Movilnet.,1383805696559370240
272,129900592,2021-04-18T15:24:25.000Z,@MercantilBanco Hola buen d√≠a. Necesito reponer mi tarjeta de debito que la perd√≠. Que oficina en valencia lo est√° haciendo? Mi cta es de la agencia de San Diego pero no esta activa esa ofic,1383803613303119883
273,452936235,2021-04-18T13:21:26.000Z,Tenemos a @MercantilBanco con p√°gina ca√≠da desde hace 2 d√≠as.,1383772659889049604
274,695378195831345152,2021-04-18T13:20:09.000Z,"@MercantilBanco buenos d√≠as, cambie de tarjeta de d√©bito y cuando ingreso me la opci√≥n por primera vez al final luego de seleccionar equipo de uso frecuente o eventual el bot√≥n no cambia de color para finalizar! Ayuda por favor!",1383772338580123655
275,355852259,2021-04-18T12:08:21.000Z,Mafias sacan hasta 10 millones en cajero con tarjetas de diferentes usuarios en el Banco @MercantilBanco del centro de Puerto Ordaz; si reclamas corres el riesgo de ser golpeado o hasta perder la vida. @ElPitazoTV @PRENSACICPC,1383754269392658440
276,1379117270463569924,2021-04-18T11:51:44.000Z,@MercantilBanco Buen d√≠a c√≥mo hago para actualizar mis datos personales como correo electr√≥nico n√∫mero de celular y esas cosas por,1383750086539182098
277,114337025,2021-04-18T07:36:07.000Z,"Cuando crees que hay cosas que no tienen sentido, luego ves estos #l√≠mites de tarjeta de cr√©dito de @visanewslatam y @MastercardVe con @MercantilBanco en #Venezuela y ya no hay nada que te sorprenda!! 22 a√±os como cliente !!! https://t.co/jowAxqxUdh",1383685760495153157
278,1236413235525541888,2021-04-18T03:11:27.000Z,@MercantilBanco Buenas noches c√≥mo hace uno si se les vencieron las tarjetas de cr√©dito y c√≥mo hace uno para que le suban el monto a las de cr√©dito u la de d√©bito como la cambia uno gracias,1383619154108829705
279,247033478,2021-04-18T03:10:33.000Z,@angelriverosg @MercantilBanco Cuando ya el banco se canso de ver c√≥mo te gastss el saldo y los megas llamando y escribi√©ndole a la jeva que no te para #quitenleeltelefono https://t.co/ggXleo7CI2,1383618927687737351
280,3396809944,2021-04-18T02:24:51.000Z,¬°Hey! Soy la mejor Finca que veras en San Juan de los Morros...V√≠a El Ca... https://t.co/1W9TCfWnp3 a trav√©s de @YouTube @BCV_ORG_VE @BcodeVenezuela @MercantilBanco @Banesco @BODoficial@bancaamiga @MPPEFCE @MinEcoFinanzas @MineriaSunacrip @AmberesCoin @morocotacoin,1383607426390261763
281,1317609484777304064,2021-04-18T01:45:23.000Z,¬°Hey! Soy la mejor Finca que veras en San Juan de los Morros...V√≠a El Ca... https://t.co/WJA1qfW0yV a trav√©s de @YouTube @BCV_ORG_VE @BcodeVenezuela @MercantilBanco @Banesco @BODoficial @MPPEFCE @MinEcoFinanzas @MineriaSunacrip @AmberesCoin @morocotacoin @SudebanInforma,1383597497168252934
282,1265044795656896514,2021-04-18T01:39:34.000Z,@MercantilBanco Saludos en Carora estado Lara necesitamos un banco mercantil por favor..el que hab√≠a ya no est√° activo..hasta el cajero est√° malo..y realmente lo necesitamos.. gracias de antemano,1383596033268064268
283,3253928146,2021-04-18T01:35:33.000Z,@salaprensaCantv @MercantilBanco @BcodeVenezuela C√≥mo se hace para pagar el servicio si no dan la opci√≥n por el banco Venezuela? O por lo menos Yo no la encuentro porque si meto en pospago Cantv piden es un 0212 y me meto en la p√°gina de cantvsatelital y sale as√≠.. https://t.co/cUtHBAgk36,1383595019483836428
284,1265044795656896514,2021-04-18T01:33:50.000Z,@MercantilBanco Carora estado Lara...sin Banco Mercantil... hasta el cajero est√° malo,1383594588393197576
285,140181315,2021-04-18T00:32:06.000Z,"@MercantilBanco Una transferencia del jueves no la hicieron efectiva, ahora el martes ya que el lunes es bancario @Sudeban elimine d√≠a bancario ya que los trabajadores descansan con el qu√©date en casa.",1383579052087209990
286,1116904254873243648,2021-04-17T23:45:23.000Z,"@edrb94 @MercantilBanco Marico llevo como 30$ ya, pero debe ser un bug",1383567294144540680
287,51050676,2021-04-17T23:44:46.000Z,@angelriverosg @MercantilBanco JAJAJAJAJAJAJAJAJA MMGBO que boleta,1383567141534789636
288,1116904254873243648,2021-04-17T23:34:50.000Z,Ok????????????????????????? @MercantilBanco https://t.co/QGYqltW12f,1383564641071108100
289,331851370,2021-04-17T23:14:52.000Z,@salaprensaCantv @MercantilBanco @BcodeVenezuela En espec√≠fico TV satelital,1383559616823394305
290,331851370,2021-04-17T23:13:54.000Z,"@salaprensaCantv @MercantilBanco @BcodeVenezuela No he podido comunicarme a ese Link que ustedes publican,  por consiguiente no se como pagar mis cuentas",1383559375114014726
291,148984418,2021-04-17T22:50:35.000Z,"@salaprensaCantv @MercantilBanco @BcodeVenezuela Av:22849947
D√≠a 33 sin internet.
D√≠a 01 con tono de telefono,
Y pase 91  Sin Internet desde 20/10/20 me llego el 21/02/21
 Ya envi√© Mensaje directo!
¬øSolo atienden al empresario?
 
@Conatel

@Mippcivzla

@NicolasMaduro

@salaprensaCantv

@Gabrielasjr

 #PueblosUnidosPorLaPaz",1383553504984264704
292,120916191,2021-04-17T21:42:51.000Z,"@MercantilBanco
#SimpleTV @clientesimpletv Se√±ores, lo √∫nico que necesito saber es si se va a  poder pagar el servicio de Simple TV en el Banco Mercantil. #BancoMercantil . Una semana sin funcionar el servicio para pagar y nadie da una respuesta.",1383536458057674767
293,1287808703769587714,2021-04-17T21:32:58.000Z,"@NellyRodrigues1 @salaprensaCantv @MercantilBanco @BcodeVenezuela #Denuncia #Corpoelec #Cantv @salaprensaCantv @AbaCantv Bloques G de Caucaguita m√°s de 1000 familias sin servicio de ABA afecta hogares, comercios, teletrabajo. Presunto bajo voltaje en poste afecta M√≥dulo CANTV. Ya pas√≥ otra semana m√°s.
Internet no es un lujo, es una necesidad ü§®",1383533973087801351
294,1287808703769587714,2021-04-17T21:32:46.000Z,"@marimoliin @salaprensaCantv @MercantilBanco @BcodeVenezuela #Denuncia #Corpoelec #Cantv @salaprensaCantv @AbaCantv Bloques G de Caucaguita m√°s de 1000 familias sin servicio de ABA afecta hogares, comercios, teletrabajo. Presunto bajo voltaje en poste afecta M√≥dulo CANTV. Ya pas√≥ otra semana m√°s.
Internet no es un lujo, es una necesidad ü§®",1383533920021454858
295,1287808703769587714,2021-04-17T21:32:34.000Z,"@YanethDC @salaprensaCantv @MercantilBanco @BcodeVenezuela #Denuncia #Corpoelec #Cantv @salaprensaCantv @AbaCantv Bloques G de Caucaguita m√°s de 1000 familias sin servicio de ABA afecta hogares, comercios, teletrabajo. Presunto bajo voltaje en poste afecta M√≥dulo CANTV. Ya pas√≥ otra semana m√°s.
Internet no es un lujo, es una necesidad ü§®",1383533873217167363
296,1287808703769587714,2021-04-17T21:32:23.000Z,"@hedelsa @salaprensaCantv @MercantilBanco @BcodeVenezuela @Gabrielasjr @Conatel @Defensoria_Vzla @NicolasMaduro #Denuncia #Corpoelec #Cantv @salaprensaCantv @AbaCantv Bloques G de Caucaguita m√°s de 1000 familias sin servicio de ABA afecta hogares, comercios, teletrabajo. Presunto bajo voltaje en poste afecta M√≥dulo CANTV. Ya pas√≥ otra semana m√°s.
Internet no es un lujo, es una necesidad ü§®",1383533824856838145
297,1287808703769587714,2021-04-17T21:32:11.000Z,"@pauliiifer @salaprensaCantv @MercantilBanco @BcodeVenezuela #Denuncia #Corpoelec #Cantv @salaprensaCantv @AbaCantv Bloques G de Caucaguita m√°s de 1000 familias sin servicio de ABA afecta hogares, comercios, teletrabajo. Presunto bajo voltaje en poste afecta M√≥dulo CANTV. Ya pas√≥ otra semana m√°s.
Internet no es un lujo, es una necesidad ü§®",1383533775410266112
298,1287808703769587714,2021-04-17T21:32:01.000Z,"@olang63 @salaprensaCantv @MercantilBanco @BcodeVenezuela #Denuncia #Corpoelec #Cantv @salaprensaCantv @AbaCantv Bloques G de Caucaguita m√°s de 1000 familias sin servicio de ABA afecta hogares, comercios, teletrabajo. Presunto bajo voltaje en poste afecta M√≥dulo CANTV. Ya pas√≥ otra semana m√°s.
Internet no es un lujo, es una necesidad ü§®",1383533733152641024
299,1287808703769587714,2021-04-17T21:31:51.000Z,"@salaprensaCantv @MercantilBanco @BcodeVenezuela #Denuncia #Corpoelec #Cantv @salaprensaCantv @AbaCantv Bloques G de Caucaguita m√°s de 1000 familias sin servicio de ABA afecta hogares, comercios, teletrabajo. Presunto bajo voltaje en poste afecta M√≥dulo CANTV. Ya pas√≥ otra semana m√°s.
Internet no es un lujo, es una necesidad ü§®",1383533691083714560
300,1287808703769587714,2021-04-17T21:26:25.000Z,"@theJ0S3 @salaprensaCantv @MercantilBanco @Conatel @Mippcivzla @NicolasMaduro @Gabrielasjr #Denuncia #Corpoelec #Cantv @salaprensaCantv @AbaCantv Bloques G de Caucaguita m√°s de 1000 familias sin servicio de ABA afecta hogares, comercios, teletrabajo. Presunto bajo voltaje en poste afecta M√≥dulo CANTV. Ya pas√≥ otra semana m√°s.
Internet no es un lujo, es una necesidad ü§®",1383532324147523593
301,1287808703769587714,2021-04-17T21:26:13.000Z,"@pauliiifer @salaprensaCantv @MercantilBanco #Denuncia #Corpoelec #Cantv @salaprensaCantv @AbaCantv Bloques G de Caucaguita m√°s de 1000 familias sin servicio de ABA afecta hogares, comercios, teletrabajo. Presunto bajo voltaje en poste afecta M√≥dulo CANTV. Ya pas√≥ otra semana m√°s.
Internet no es un lujo, es una necesidad ü§®",1383532273358675977
302,1287808703769587714,2021-04-17T21:26:00.000Z,"@ckislon @salaprensaCantv @servicios_416 @MercantilBanco #Denuncia #Corpoelec #Cantv @salaprensaCantv @AbaCantv Bloques G de Caucaguita m√°s de 1000 familias sin servicio de ABA afecta hogares, comercios, teletrabajo. Presunto bajo voltaje en poste afecta M√≥dulo CANTV. Ya pas√≥ otra semana m√°s.
Internet no es un lujo, es una necesidad ü§®",1383532220715917314
303,1287808703769587714,2021-04-17T21:25:48.000Z,"@neljulgerg16 @salaprensaCantv @MercantilBanco @Mincyt_VE @Gabrielasjr #Denuncia #Corpoelec #Cantv @salaprensaCantv @AbaCantv Bloques G de Caucaguita m√°s de 1000 familias sin servicio de ABA afecta hogares, comercios, teletrabajo. Presunto bajo voltaje en poste afecta M√≥dulo CANTV. Ya pas√≥ otra semana m√°s.
Internet no es un lujo, es una necesidad ü§®",1383532167687413764
304,1287808703769587714,2021-04-17T21:25:27.000Z,"@salaprensaCantv @servicios_416 @MercantilBanco #Denuncia #Corpoelec #Cantv @salaprensaCantv @AbaCantv Bloques G de Caucaguita m√°s de 1000 familias sin servicio de ABA afecta hogares, comercios, teletrabajo. Presunto bajo voltaje en poste afecta M√≥dulo CANTV. Ya pas√≥ otra semana m√°s.
Internet no es un lujo, es una necesidad ü§®",1383532081859371014
305,223671221,2021-04-17T20:34:46.000Z,@salaprensaCantv @MercantilBanco @BcodeVenezuela Buenas tardes!! Necesito  restablecer  xfavor mis servicios  de telefon√≠a  e Internet  cuanto m√°s me haran esperar escribo x aqu√≠ escribo  x all√° y hacen caso omiso al mismoüò°üò°üò°Hasta cuando,1383519325387059206
306,860394492,2021-04-17T20:28:18.000Z,"@salaprensaCantv @MercantilBanco @BcodeVenezuela Ya estoy registrada pero al consultar el saldo de dice ""Identificador de Saldo no encontrado"" a que se debe? Que alguien por favor me diga !",1383517699175632896
307,183452431,2021-04-17T19:55:51.000Z,@salaprensaCantv @MercantilBanco @BcodeVenezuela Tengo m√°s de ocho meses sin tono en el tel√©fono y tampoco tengo internet Ya realize el reporte 0281-2759508 ayuda auxilio,1383509532513505282
308,1293282634429272067,2021-04-17T19:17:31.000Z,"@salaprensaCantv @MercantilBanco @BcodeVenezuela Los vecinos del sector 1 Urb La Macarena Sur en Los Teques tienen siempre han pagado sus facturas a tiempo, incluso desde hace un a√±o cuando una cuadrilla de cantv los dej√≥ deliberadamente sin el servicio. Pero a cantv NO LE DA LA GANA DE REPARARLA. E",1383499883496099843
309,137895545,2021-04-17T19:11:24.000Z,"@salaprensaCantv @MercantilBanco @BcodeVenezuela cuantos dolares vale el PLAN COMERCIAL? xq no dicen nadad de nada sobre el precio mensual? sean serios con el pueblo vale.... @Gabrielasjr  @conatel, @Defensoria_Vzla @NicolasMaduro",1383498346195677190
310,287306690,2021-04-17T19:03:25.000Z,@salaprensaCantv @MercantilBanco @BcodeVenezuela Necesito internet fijo por favor es intermitente y me impide trabajar AUXILIO,1383496336931135496
311,254632929,2021-04-17T19:00:31.000Z,"#QueNoSeTeOlvide pagar a tiempo tu factura de #CantvTelevisi√≥nSatelital. 

Consulta tu saldo en tu Perfil de Usuario, ingresando al link https://t.co/vKZ0Ieb5Fh.

#PagarEnCantvEsSencillo hazlo a trav√©s de nuestros bancos aliados:
@MercantilBanco @BcodeVenezuela https://t.co/ERsR7qVSsp",1383495608158232577
312,142695015,2021-04-17T18:56:43.000Z,@salaprensaCantv @MercantilBanco @BcodeVenezuela Yo pago a tiempo y mi tel√©fono tiene tres a√±os sin tono 02122715006 hasta cuando tengo esperar que recuperen el cableado... Pregunto????,1383494651663974408
313,68156819,2021-04-17T18:47:58.000Z,@MercantilBanco hoy est√° fatal... Ni la app funciona,1383492447813079046
314,2768454075,2021-04-17T16:39:13.000Z,"@MercantilBanco Hola muy buen d√≠a, ser√° posible facilitar el poder hacer recargas a celulares de conocidos, sin tener que pasar por tener que afiliarles ya que la aplicaci√≥n m√≥vil no lo permite.",1383460048463040516
315,108332573,2021-04-17T16:05:30.000Z,"Es incre√≠ble, una es responsable con compromisos contra√≠dos...necesito realizar mis pagos puntuales y @MercantilBanco NO me lo permite!...¬øqu√© pasa?...",1383451562551349251
316,108332573,2021-04-17T15:47:12.000Z,"@MercantilBanco Buen d√≠a. ¬øProblemas de comunicaci√≥n?...tengo 30 min en espera por un codigo de verificaci√≥n, para pago por TDD!!!..",1383446957897568266
317,1371197834205233152,2021-04-17T15:41:55.000Z,@MercantilBanco Me interesa cu√°les son los requisitos,1383445626126356482
318,143210968,2021-04-17T15:00:14.000Z,"@salaprensaCantv @servicios_416 @MercantilBanco Buenos d√≠as me suspendieron el servicio estoy sin l√≠nea menos Internet, no tengo deuda, Uds no atienden vida telef√≥nica, como solucionar?",1383435135970779146
319,452936235,2021-04-17T14:56:47.000Z,La p√°gina ca√≠da. Imposible acceder. Alguien de servicio t√©cnico de guardia?@MercantilBanco https://t.co/SkwSNP6CsG,1383434270492954633
320,452936235,2021-04-17T14:55:03.000Z,Imposible acceder a p√°gina de @MercantilBanco,1383433832632778754
321,103074414,2021-04-17T14:31:51.000Z,@MercantilBanco https://t.co/O912ZUmU6g,1383427993876402181
322,500423574,2021-04-17T14:19:24.000Z,"@MercantilBanco Muy buen d√≠a @MercantilBanco tengo inconveniente con mi clave de cajero autom√°tico, c√≥mo hago para cambiarla en #MercantilEnLinea gracias y saludos...!",1383424862773932034
323,1206036100516646912,2021-04-17T13:46:25.000Z,"Paga a tiempo tu factura de #CantvTelevisi√≥nSatelital. 

Consulta tu saldo en tu Perfil de Usuario, en este link: ‚¨áÔ∏è https://t.co/mNzUak1sec.

Hazlo, es f√°cil, a trav√©s de sus bancos aliados:
@MercantilBanco @BcodeVenezuela

#CantvLoHacePosible

 #DaleUnParaoALaCovid https://t.co/7goIuIv8gx",1383416561717760006
324,77902543,2021-04-17T13:40:56.000Z,"@MercantilBanco buenos d√≠as! Estoy usando la aplicaci√≥n para celular desde que comenz√≥. Desde esta √∫ltima actualizaci√≥n no me aparecen todos las cuentas que tengo registradas para transferir, saben sobre esto? Me aparecen en la web, m√°s no en la aplicaci√≥n de celular.",1383415182555185156
325,184822747,2021-04-17T13:05:16.000Z,"@MercantilBanco Buenos d√≠as, estoy tratando de entrar a sus portales para hacer transacciones y no he podido, hay problemas con la plataforma? Eso es desde ayer.",1383406203997331464
326,578325382,2021-04-17T13:04:35.000Z,@MercantilBanco hice una transferencia el d√≠a 13 de abril y a la fecha no me dan respuesta. Por favor sean serios.,1383406035038195713
327,563103301,2021-04-17T12:41:55.000Z,"@jodiaze1 @geniuslawyer @MercantilBanco Ojal√° fueran as√≠ los de las agencias en Margarita, un irrespeto continuo a los clientes.",1383400331195736069
328,260758955,2021-04-17T11:05:36.000Z,@MercantilBanco Buen he recibo llamadas ofertando un servicio funerario seg√∫n los que contamos con cuenta mercantil sera verdadero o falso.,1383376089905467396
329,139714561,2021-04-17T07:25:25.000Z,"@salaprensaCantv @BcodeVenezuela @MercantilBanco por el Bicentenario tambi√©n se paga, ya yo lo hice",1383320677868969988
330,1383160076182097920,2021-04-17T02:36:40.000Z,"@kmsofi @Diris_maive @salaprensaCantv @MercantilBanco @BcodeVenezuela Depende del plan que ten√≠an he recargado de 800mil, 1700",1383248013930340358
331,950449904,2021-04-17T00:25:49.000Z,@salaprensaCantv @MercantilBanco @BcodeVenezuela Malditos co√±os de su madre. En la casa no vamos a pagar mas la factura hasta que nos arreglen la linea. Ya  tenemos 7 meses pagando por un servicio q no me estan dando. Me siento estafado,1383215081949777922
332,140181315,2021-04-16T23:58:20.000Z,@MercantilBanco Si realic√© una transferencia el d√≠a 15 a las 13:44 por qu√© no se hizo efectiva el d√≠a 16 a las 9:AM o a las 3:pm?? Espero respuesta,1383208166238863360
333,118111985,2021-04-16T23:36:30.000Z,@InfanteIsmarly @Diris_maive @salaprensaCantv @MercantilBanco @BcodeVenezuela Buenas noches.. Y cual monto cancela? Y disculpe el abuso.. Es q a mi tambi√©n me dice id no encontrado. Y no me arroja el saldo que debo cancelar,1383202671264464897
334,1227031925807886338,2021-04-16T23:15:01.000Z,@InfanteIsmarly @salaprensaCantv @MercantilBanco @BcodeVenezuela Ami sale lo mismo pago no encontrado y ya estoy registrado,1383197267218329603
335,328248109,2021-04-16T23:09:59.000Z,@MercantilBanco Quien sabe cuanto paga el banco por taquilla ?,1383196000593002499
336,810117385814474752,2021-04-16T22:59:29.000Z,@salaprensaCantv @MercantilBanco @BcodeVenezuela Y como logr√≥ que me asigne un n√∫mero de reporte de aver√≠a  . Factura si tono no,1383193357808250883
337,806545841192337408,2021-04-16T22:58:17.000Z,@neljulgerg16 @salaprensaCantv @MercantilBanco @Mincyt_VE @Gabrielasjr #BarrioAdentro18A√±os,1383193054459301889
338,183452431,2021-04-16T22:32:56.000Z,@salaprensaCantv @MercantilBanco @BcodeVenezuela Tengo m√°s de ocho meses sin tono en el tel√©fono y tampoco tengo internet Ya realize el reporte 0281-2759508 ayuda auxilio,1383186677540216832
339,1206036100516646912,2021-04-16T22:08:45.000Z,"Paga a tiempo tu factura de #CantvTelevisi√≥nSatelital. 

Consulta tu saldo en tu Perfil de Usuario, en este link: ‚¨áÔ∏è https://t.co/mNzUak1sec.

Hazlo, es f√°cil, a trav√©s de sus bancos aliados:
@MercantilBanco @BcodeVenezuela

#CantvLoHacePosible

 #BarrioAdentro18A√±os https://t.co/Y5MsTuu89Z",1383180591550578689
340,1942340484,2021-04-16T22:03:14.000Z,@salaprensaCantv @MercantilBanco @BcodeVenezuela No he podido registrar en CANTV satelital para pagar factura..,1383179203064045575
341,162207812,2021-04-16T21:39:38.000Z,@shaggy_san @MercantilBanco @Banesco Banesco caido,1383173264042758145
342,1383160076182097920,2021-04-16T21:35:51.000Z,"@Diris_maive @salaprensaCantv @MercantilBanco @BcodeVenezuela A m√≠ me sale igual, pero con los registros hechos fuera del lapso que dieron del resto he logrado cancelar",1383172308798480385
343,1383160076182097920,2021-04-16T21:34:18.000Z,@alexxander75 @salaprensaCantv @MercantilBanco @BcodeVenezuela @CantvTv En la opci√≥n de postpago d√≥nde dice CANTV all√≠ coloca el ID de pago con un cero a la izquierda,1383171919109840900
344,968295462,2021-04-16T21:31:52.000Z,@salaprensaCantv @MercantilBanco @BcodeVenezuela Porque lado del @bancodeVenezuela se paga porque he revisado todo las opciones y en ningun lado sale pago de @cantvtv y deberian habilitar porque ya a muchos no han suspendido el servicio,1383171306347237376
345,148984418,2021-04-16T21:30:31.000Z,"@neljulgerg16 @salaprensaCantv @MercantilBanco @Mincyt_VE @Gabrielasjr Av:22849947
D√≠a 32 sin internet.
D√≠a 02 sin tono de telefono
Y pase 91  Sin Internet desde 20/10/20 me llego el 21/02/21
 Ya envi√© Mensaje directo!
¬øSolo atienden al empresario?
 
@Conatel

@Mippcivzla

@NicolasMaduro

@salaprensaCantv

@Gabrielasjr

 #PueblosUnidosPorLaPaz",1383170966507884549
346,291812022,2021-04-16T21:30:27.000Z,@salaprensaCantv @MercantilBanco @BcodeVenezuela pague mi factura el dia 4 de abril tengo 0 deudas y sigue suspendido ya hice el reporte y nada que me restablecen,1383170951072858112
347,148984418,2021-04-16T21:28:56.000Z,"@salaprensaCantv @MercantilBanco @BcodeVenezuela Av:22849947
D√≠a 32 sin internet.
D√≠a 02 sin tono de telefono
Y pase 91  Sin Internet desde 20/10/20 me llego el 21/02/21
 Ya envi√© Mensaje directo!
¬øSolo atienden al empresario?
 
@Conatel

@Mippcivzla

@NicolasMaduro

@salaprensaCantv

@Gabrielasjr

 #PueblosUnidosPorLaPaz",1383170568313311235
348,1079862655,2021-04-16T21:22:00.000Z,"@MercantilBanco Buenas tardes. Por favor, por qu√© no puedo ver la opci√≥n de Banesco como opci√≥n de Banco Destino para Pago M√≥vil? Ni con la aplicaci√≥n ni por la p√°gina del Banco",1383168824023916548
349,1383160076182097920,2021-04-16T21:20:34.000Z,"@salaprensaCantv @MercantilBanco @BcodeVenezuela Buenas Tardes, e intentado consultar saldo pero me indica ID no encontrado",1383168464878247940
350,264570517,2021-04-16T21:18:43.000Z,@salaprensaCantv @MercantilBanco @BcodeVenezuela esa pagina tiene problema para consultar el saldo,1383167997162967040
351,256310291,2021-04-16T21:09:24.000Z,@salaprensaCantv @MercantilBanco @BcodeVenezuela Por favor necesito ayuda necesito cancelar hice el registro y el banco dice error o dice que la cuenta no existe como recargo por favor me urge,1383165653809520643
352,564061748,2021-04-16T21:02:22.000Z,"@MercantilBanco buenas tardes! Est√° ocurriendo que no se pueden hacer pagos moviles a @Banesco porque no aparece en lista, qu√© pasa?",1383163884551421956
353,254632929,2021-04-16T21:00:00.000Z,"#QueNoSeTeOlvide pagar a tiempo tu factura de #CantvTelevisi√≥nSatelital. 

Consulta tu saldo en tu Perfil de Usuario, ingresando al link https://t.co/vKZ0IdTuNJ.

#PagarEnCantvEsSencillo hazlo a trav√©s de nuestros bancos aliados:
@MercantilBanco @BcodeVenezuela https://t.co/m9o2ocG0DJ",1383163290008875008
354,2747924012,2021-04-16T20:24:54.000Z,@neljulgerg16 @salaprensaCantv @MercantilBanco @Mincyt_VE @Gabrielasjr y los que no tenemos Mercantil?,1383154456670441473
355,226179932,2021-04-16T20:20:04.000Z,@MercantilBanco Por qu√© no publican en el portal su balance de marzo? @SudebanVzla,1383153238480916494
356,1537499586,2021-04-16T20:20:04.000Z,@neljulgerg16 @salaprensaCantv @MercantilBanco @Mincyt_VE @Gabrielasjr Ser√≠a excelente servicio si me regresar√°n mi l√≠nea cantv: 02432676022,1383153238443225098
357,120916191,2021-04-16T20:14:02.000Z,@MercantilBanco Ser√° que alg√∫n d√≠a se dignan a responder. Leen los mensajes en privado y no dan respuetas. Bueno escribanos en p√∫blico a ver.,1383151720151314440
358,120916191,2021-04-16T20:11:29.000Z,"@SimpleTVVE @MercantilBanco @clientesimpletv @MercantilBanco  Buenas tardes, tengo tres d√≠as tratando de pagar Simple TV, imposible !!! Me podr√°n informar que sucede? Tambi√©n tengo 3 d√≠as escribiendo por mensaje esperando se dignen a darme una respuesta.",1383151079907463168
359,120916191,2021-04-16T20:09:45.000Z,"@SimpleTVVE @MercantilBanco @clientesimpletv @MercantilBanco  Buenas tardes, tengo tres d√≠as tratando de pagar Simple TV, imposible !!! Me podr√°n informar que sucede??? Gracias.",1383150642903056390
360,1287808703769587714,2021-04-16T19:53:24.000Z,"@daya_2026 @neljulgerg16 @salaprensaCantv @MercantilBanco @Mincyt_VE @Gabrielasjr #Cantv @salaprensaCantv @AbaCantv Bloques Gdes de Caucaguita m√°s de 1000 familias no tienen servicio de ABA afecta hogares, comercios, teletrabajo, etc. Agradecemos que hayan venido al sitio pero pas√≥ otro d√≠a y seguimos sin servicio. 
Internet no es un lujo, es una necesidad ü§®",1383146526504013828
361,1287808703769587714,2021-04-16T19:53:17.000Z,"@daya_2026 @neljulgerg16 @salaprensaCantv @MercantilBanco @Mincyt_VE @Gabrielasjr #Cantv @salaprensaCantv @AbaCantv Bloques Gdes de Caucaguita m√°s de 1000 familias no tienen servicio de ABA afecta hogares, comercios, teletrabajo, etc. Agradecemos que hayan venido al sitio pero pas√≥ otro d√≠a y seguimos sin servicio. 
Internet no es un lujo, es una necesidad ü§®",1383146498980974592
362,1287808703769587714,2021-04-16T19:53:09.000Z,"@mariajr8890 @neljulgerg16 @salaprensaCantv @MercantilBanco @Mincyt_VE @Gabrielasjr #Cantv @salaprensaCantv @AbaCantv Bloques Gdes de Caucaguita m√°s de 1000 familias no tienen servicio de ABA afecta hogares, comercios, teletrabajo, etc. Agradecemos que hayan venido al sitio pero pas√≥ otro d√≠a y seguimos sin servicio. 
Internet no es un lujo, es una necesidad ü§®",1383146466923921413
363,1287808703769587714,2021-04-16T19:52:51.000Z,"@neljulgerg16 @salaprensaCantv @MercantilBanco @Mincyt_VE @Gabrielasjr #Cantv @salaprensaCantv @AbaCantv Bloques Gdes de Caucaguita m√°s de 1000 familias no tienen servicio de ABA afecta hogares, comercios, teletrabajo, etc. Agradecemos que hayan venido al sitio pero pas√≥ otro d√≠a y seguimos sin servicio. 
Internet no es un lujo, es una necesidad ü§®",1383146390143045634
364,167654541,2021-04-16T19:49:46.000Z,@MercantilBanco  Buenas Tardes por favor saben la agencia de buenaventura en guarenas abre ma√±ana?,1383145615379550211
365,4010384169,2021-04-16T18:57:33.000Z,@neljulgerg16 @salaprensaCantv @MercantilBanco @Mincyt_VE @Gabrielasjr COMO HAGO PARA AUMENTAR LOS MEGAS ABBA POR FAVOR...CON CATY SALE QUE HAY FALLLAS POR TELEFONO NO ME ATIEDEN,1383132473484316676
366,153924165,2021-04-16T18:26:24.000Z,@neljulgerg16 @salaprensaCantv @MercantilBanco @Mincyt_VE @Gabrielasjr 2392468180,1383124634627899393
367,153924165,2021-04-16T18:26:09.000Z,@neljulgerg16 @salaprensaCantv @MercantilBanco @Mincyt_VE @Gabrielasjr no me han activado la linea por favor me urge,1383124571029659653
368,1379156543732613122,2021-04-16T17:48:38.000Z,"@salaprensaCantv Ahora puedes pagar Cantv Televisi√≥n Satelital a trav√©s de la banca en l√≠neaüëâ @MercantilBanco. Y continua 
disfrutando de la mejor programaci√≥n.
@Mincyt_VE @Gabrielasjr
#BarrioAdentro18A√±os
 https://t.co/hyqxf7tGTk",1383115129684918272
369,2934088562,2021-04-16T17:40:22.000Z,#16Abr| Desde el @MercantilBanco asistimos a nuestro adultos Mayores ¬°en el @ivss_oavlp siempre pensamos en ti! #PorUnSeguroM√°sSocial @NicolasMaduro @MagaGutierrezV #IVSS #OAIvss @ivssoficial #BarrioAdentro18A√±os https://t.co/AXUABIWZVa,1383113050077601793
370,990563329629413377,2021-04-16T17:25:31.000Z,"Sres de Banco @MercantilBanco soy jubilado, y no he podido entrar a mi cuenta para realizar trasferencia. Me pide respuestas  de seguridad, se las doy y me env√≠a una clave temporal, la envio y no devuelve a mi tel√©fono. Es una &amp;%$¬∑$¬∑?¬øQue hago carajo? @SudebanInforma",1383109312084606985
371,150696160,2021-04-16T17:18:33.000Z,@MercantilBanco necesito actualizar datos y desbloquear usuarios y no puedo hacer ninguno de esos tramites en la pagina,1383107559977054208
372,121641400,2021-04-16T17:06:44.000Z,"@MercantilBanco La agencia de centro plaza, solo acepta clientes hasta las 12:20, y hasta donde yo se su trabajo es hasta la 1, tuvieron 3 semanas f√°ciles y pero hoy tambi√©n quieren salir temprano,  pueden marcar su cola hasta la 1, despues no atender al resto",1383104586211295239
373,183452431,2021-04-16T16:54:18.000Z,@salaprensaCantv @MercantilBanco Tengo m√°s de ocho meses sin tono en el tel√©fono y tampoco tengo internet Ya realize el reporte 0281-2759508 ayuda auxilio,1383101457155637248
374,322376719,2021-04-16T16:23:16.000Z,"Quiero manifestar mi molestia con el @MercantilBanco por la agencia del CC El L√≠der, un caso para ser atendido, no respetan las citas hechas previamente por internet y encima aguantar el mal humor del encargado de atender la apertura de cuentas en moneda extrajera",1383093644807274497
375,322376719,2021-04-16T16:20:21.000Z,Se√±ores @MercantilBanco tengo mi cuenta con ustedes desde hace 20 a√±os. Ustedes me dieron el cr√©dito para comprar la vivienda en donde todav√≠a vivo. Toda mi vida solo he usado sus servicios... y ya tengo 3 citas perdidas para simplemente abrir la cuenta en d√≥lares...,1383092912787972101
376,183742714,2021-04-16T16:19:28.000Z,"No te resulten Online, y en la agencia tiene es bochinche los del √°rea de atenci√≥n al cliente hasta sin tapa bocas caminan los empleados por la agencia.

@MercantilBanco",1383092690380787717
377,80080021,2021-04-16T15:46:46.000Z,@MercantilBanco que pasa con el envio de cloaves digitales,1383084459294134272
378,3115120612,2021-04-16T15:34:16.000Z,"Buen d√≠a casi tarde, quiero felicitar al personal de seguridad  del banco Mercantil, agencia Santos Michelena, Maracay x su excelente trato y organizaci√≥n para el cabal cumplimiento x parte de los clientes, de las normas de bioseguridad hoy 16/A @MercantilBanco",1383081313108959234
379,1276365384,2021-04-16T15:30:39.000Z,"@MercantilBanco El provincial, Banesco, el de Venezuela, banco venezolano de cr√©dito.. Dan efectivo dentro del banco, el √∫nico banco q no da efectivo dentro de ella y te obliga hacer retiro en cajeros autom√°ticos es el mercantil.... No entiendo!!!!!",1383080402533949443
380,2303732221,2021-04-16T15:29:28.000Z,Co√±o @MercantilBanco GRACIAASSSS! https://t.co/aDZ9PPIYXK,1383080108613890048
381,220554372,2021-04-16T15:07:43.000Z,"@salaprensaCantv @BcodeVenezuela @BcoBicentenario @BancoExterior @Banesco @TUBFC @bcodeltesoro @BVCinforma @MercantilBanco @BBVAProvincial @BODoficial @Bancaribe @SofitasaBanco @100x100Banco @salaprensaCantv, Mi n√∫mero termina en 7 y ya me han cortado la l√≠nea 2 veces antes del 15, y si tengo chance de pagar hasta el 27 entonces no entiendo que sucede?",1383074631817568257
382,220554372,2021-04-16T15:07:08.000Z,"@salaprensaCantv @BcodeVenezuela @BcoBicentenario @BancoExterior @Banesco @TUBFC @bcodeltesoro @BVCinforma @MercantilBanco @BBVAProvincial @BODoficial @Bancaribe @SofitasaBanco @100x100Banco Esta semana se fue la l√≠nea desde el lunes y ayer restauraron el servicio en la zona y a mi casa llego sin internet, ya cancel√© la √∫ltima factura espero que hoy vuelva el internet.",1383074485549551616
383,150696160,2021-04-16T14:59:26.000Z,"como siempre @MercantilBanco y sus incoherencias de seguridad,la asistente virtual no sirve, los numeros de telefonos se caen y nunca reponden los DM",1383072550289346563
384,150696160,2021-04-16T14:45:37.000Z,sres.@MercantilBanco necesito actualizar los datos y se me ha hecho imposible!,1383069073412603911
385,1963644517,2021-04-16T14:22:53.000Z,"@MercantilBanco Saludos, tengo una consulta, han contemplado otorgar aumento de limites a esas tarjetas Diners que le otorgaron a sus clientes??La posibilidad de que los recaudos para solicitudes puedan ser enviados de forma online?",1383063350045769729
386,1276365384,2021-04-16T14:20:43.000Z,"El banco provincial, el de Venezuela, Banesco, venezolano de cr√©dito, etc... dan efectivo dentro del banco... El √∫nico banco q te obliga sacar dinero en cajero autom√°tico es el @MercantilBanco  ...  No entiendo!!!!!!",1383062806287777792
387,1279322239,2021-04-16T14:20:15.000Z,Ayudemos!!! @Vitrina_Televen @LaBomba_Televen @portadas_vv @noticierovv @globovision @Banesco @BcodeVenezuela @MercantilBanco @Farmatodo @GarzonHiper @famosoccs @hipermercado #LaVega #Favipiravir #Dayana #Caracas #Guillermo #FAES  #GustavoDudamel #Indianapolis #Apure #LaGuaira https://t.co/Kg85F9FZXo,1383062688452993026
388,1260189997464014848,2021-04-16T14:04:42.000Z,"@MercantilBanco Saludos, tengo cuenta con ustedes y me dicen que puedo pagar CANTV SATELITAL por mercantil, es cierto? como puedo hacerlo? Gracias",1383058774378881026
389,77041779,2021-04-16T13:41:55.000Z,@AbaCantvReport @SinABACantv @salaprensaCantv @MercantilBanco 0212-7632770. No se refleja gastos en la p√°gina del Banco Mercantil afiliada para cancelar. Sin aba desde 2/2/2021 Reporte N. 22914597,1383053041868374017
390,198723688,2021-04-16T13:40:53.000Z,@MercantilBanco buen d√≠a. Que mal educados los vigilantes de banco av lara barquisimeto,1383052782123507713
391,2590291460,2021-04-16T13:40:13.000Z,@MercantilBanco Buenos d√≠as y la oficina de San Juan de los Morros para  cuando la abren? Que fecha?,1383052611847401473
392,990563329629413377,2021-04-16T13:25:42.000Z,Sres de Banco @MercantilBanco estoy tratanto de entrar a mi cuenta en internet y no puedo accesar. Me pide que ingrese una clave temporal y la env√≠an a los tres minutos. Que es esto?. Y asi estoy todo el dia. Grave compa√±eros.. Que soluci√≥n tienen,1383048960189861892
393,148984418,2021-04-16T13:00:29.000Z,"@salaprensaCantv @MercantilBanco Av:22849947
D√≠a 32 sin internet.
D√≠a 02 sin tono de telefono
Y pase 91  Sin Internet desde 20/10/20 me llego el 21/02/21
 Ya envi√© Mensaje directo!
¬øSolo atienden al empresario?
 
@Conatel

@Mippcivzla

@NicolasMaduro

@salaprensaCantv

@Gabrielasjr

 #PueblosUnidosPorLaPaz",1383042615382310914
394,254632929,2021-04-16T13:00:00.000Z,"#16Abr Video || Ahora puedes pagar Cantv Televisi√≥n Satelital a trav√©s de la banca en l√≠nea. As√≠ puedes hacerlo por el banco Mercantil  @MercantilBanco.

#QueNoSeTeOlvide, disfrutar del mejor entretenimiento tambi√©n depende de ti. https://t.co/PX4V0K8H53",1383042492828852232
395,200409381,2021-04-16T12:48:27.000Z,@MercantilBanco Necesito aperturar una cuenta jur√≠dica y mucho protocolo,1383039584804691969
396,141734871,2021-04-16T12:39:35.000Z,"@MercantilBanco Y que m√°s feriado que desde que inici√≥ la pandemia? Me parece algo absurdo dejar una trasferencia hacerla efectiva m√°s de 4 d√≠as con tanta necesidad que existe en la poblaci√≥n. Pero bueno, cumpliendo estrictamente las normas.",1383037352285769728
397,143457437,2021-04-16T12:04:52.000Z,@MercantilBanco buenos d√≠as necesito saber como retiro el documento de mi vivienda la cual fue financiada por ustedes y ya la pague en su totalidad hace m√°s de 4 a√±os. C.i. 2992612 jairo P√©rez. Cual es el procedimiento . Gracias,1383028618377453571
398,1300791422,2021-04-16T11:44:39.000Z,"@MercantilBanco mi cuenta est√° bloqueada por actualizaci√≥n de datos, me indica que debo ir a una agencia a efectuar el proceso. Luego en su p√°gina se instruye  que puedo hacerlo en el portal. Hago todo el proceso. Contin√∫a el bloqueo. Llamo a los canales telef√≥nicos, me informan",1383023531018051584
399,111462051,2021-04-16T11:15:51.000Z,@MercantilBanco Gracias por la informaci√≥n suministrada.,1383016280299552769
